,แขวง,ประเภทอาหาร,Restaurant Name,Link,description
,,,,,
1,สีลม,Chinese,แสนยอดโภชนา,"https://www.google.com/maps/place/Grand+Sanyod/@13.7188437,100.5150969,852m/data=!3m2!1e3!4b1!4m6!3m5!1s0x30e29ed353f2c58b:0x6d8a572c76c3e8ac!8m2!3d13.7188385!4d100.5176718!16s%2Fg%2F1v_v_tvj?entry=ttu&g_ep=EgoyMDI2MDExMy4wIKXMDSoKLDEwMDc5MjA3MUgBUAM%3D",ร้านอาหารจีนกวางตุ้งเก่าแก่กว่า 50 ปี มีเมนูราดหน้าและเป็ดย่าง
2,สีลม,Healthy,โจ๊กปริ้นซ์,"https://www.google.com/maps/place/Jok+Prince/@13.720398,100.5134017,852m/data=!3m1!1e3!4m6!3m5!1s0x30e298c5ae4db7f9:0xa7904c168b6f6d83!8m2!3d13.7208579!4d100.516151!16s%2Fg%2F12qg0b0tr?entry=ttu&g_ep=EgoyMDI2MDExMy4wIKXMDSoKLDEwMDc5MjA3MUgBUAM%3D",ร้านโจ๊กชื่อดังที่ทำจากเตาถ่าน มีความหอมเป็นเอกลักษณ์
3,สีลม,Chinese,ร้านประจักษ์,"https://www.google.com/maps/place/Prachak+(Roasted+Duck)/@13.7264095,100.537303,852m/data=!3m1!1e3!4m6!3m5!1s0x30e298c5ae7f1d55:0xb3b1bf2284911ad0!8m2!3d13.7203928!4d100.5159766!16s%2Fg%2F1hc8ld1sz?entry=ttu&g_ep=EgoyMDI2MDExMy4wIKXMDSoKLDEwMDc5MjA3MUgBUAM%3D",ร้านเก่าแก่ในย่านบางรักที่มีอายุมากกว่า 100 ปี
4,สีลม,Western,BITTERMAN,"https://www.google.com/maps/place/Bitterman/@13.7271025,100.5419286,852m/data=!3m1!1e3!4m6!3m5!1s0x30e29f2f0c7ce703:0x109018d262c6d2cd!8m2!3d13.7264043!4d100.5398779!16s%2Fg%2F11b775h1hy?entry=ttu&g_ep=EgoyMDI2MDExMy4wIKXMDSoKLDEwMDc5MjA3MUgBUAM%3D",ร้านขาหมูต้นตำรับระดับตำนานกว่า 60 ปี
5,สีลม,Thai,นอร์ธ อีสต์,"https://www.google.com/maps/place/Northeast/@13.7271077,100.5393537,852m/data=!3m2!1e3!4b1!4m6!3m5!1s0x30e29f2baa0d02a9:0x6786ecac570628b5!8m2!3d13.7271025!4d100.5419286!16s%2Fg%2F1hc4tq1zn?entry=ttu&g_ep=EgoyMDI2MDExMy4wIKXMDSoKLDEwMDc5MjA3MUgBUAM%3D",ร้านอาหารอีสานลูกค้ากว่าครึ่งเป็นชาวต่างชาติ แต่รสชาติแซ่บสะเด็ดสไตล์คนไทย
6,สีลม,Japanese,ภัตตาคาร เดอะเจแปน,"https://www.google.com/maps/place/The+Japan+Restaurant/@13.7233867,100.5280178,852m/data=!3m2!1e3!4b1!4m6!3m5!1s0x30e29f2d580e5c79:0xcb34273c2fff337e!8m2!3d13.7233815!4d100.5305927!16s%2Fg%2F11bz0vxpyh?entry=ttu&g_ep=EgoyMDI2MDExMy4wIKXMDSoKLDEwMDc5MjA3MUgBUAM%3D",ร้านอาหารสมาคมญี่ปุ่นแห่งประเทศไทย ราคาเป็นมิตร
7,สีลม,Thai,เย็นตาโฟ คอนแวนต์,"https://www.google.com/maps/place/Yentafo+Convent/@13.7208631,100.5135761,852m/data=!3m1!1e3!4m6!3m5!1s0x30e29f2dcf7d29b5:0x554b14d02d6fe67d!8m2!3d13.7251712!4d100.5343467!16s%2Fg%2F1pv6y3gpg?entry=ttu&g_ep=EgoyMDI2MDExMy4wIKXMDSoKLDEwMDc5MjA3MUgBUAM%3D",ร้านเย็นตาโฟเจ้าดังในซอยคอนแวนต์ ร้านเก่าแก่เปิดมานานเกือบ 50 ปี ดีกรีมิชลินไกด์ปี 2018
8,สีลม,Western,ซานอตติ,"https://www.google.com/maps/place/Zanotti+IL+Ristorante+Italiano/@13.7251764,100.5294758,852m/data=!3m1!1e3!4m6!3m5!1s0x30e29f2eec7cf853:0x7565346a4136d67a!8m2!3d13.7268154!4d100.5368566!16s%2Fg%2F1tfyb0f1?entry=ttu&g_ep=EgoyMDI2MDExMy4wIKXMDSoKLDEwMDc5MjA3MUgBUAM%3D",ร้านอาหารItalian สุดคลาสสิคร้านหนึ่งในซอยศาลาแดง บรรยากาศหรูหรา สบายๆ เมนูเด็ดของที่ร้านคือ“พิซซ่า” 
9,สีลม,Western,Brasserie 9,"https://www.google.com/maps/place/Brasserie+9/@13.7242285,100.5330566,852m/data=!3m2!1e3!4b1!4m6!3m5!1s0x30e29f2d970c0e35:0x387d286f6a49276e!8m2!3d13.7242285!4d100.5330566!16s%2Fg%2F11gcqx4b9s?entry=ttu&g_ep=EgoyMDI2MDExMy4wIKXMDSoKLDEwMDc5MjA3MUgBUAM%3D",ร้านอาหารสไตล์ฝรั่งเศสต้นตำรับ บรรยากาศสไตล์บิสโทร
10,สีลม,Chinese,แหลมเจริญ ซีฟู้ด,"https://www.google.com/maps/place/Laem+Charoen+Seafood/@13.7283844,100.5346196,852m/data=!3m3!1e3!4b1!5s0x30e29f2c02ea10a7:0xc36793e2d144025b!4m6!3m5!1s0x30e2991b0e99a2d3:0x146d22102edda9!8m2!3d13.7283844!4d100.5346196!16s%2Fg%2F1pzrlzpff?entry=ttu&g_ep=EgoyMDI2MDExMy4wIKXMDSoKLDEwMDc5MjA3MUgBUAM%3D",ร้านอาหารทะเล และหัวใจของแหลมเจริญซีฟู้ด คือ ความสุข ความอบอุ่น ที่ส่งต่อให้กับลูกค้า 
11,สีลม,Thai,เบญจรงค์,"https://www.google.com/maps/place/Benjarong+Bangkok+-+Baan+Dusit+Thani/@13.7273702,100.5325633,2136m/data=!3m1!1e3!4m10!1m2!2m1!1z4LmA4Lia4LiN4LiI4Lij4LiH4LiE4LmM!3m6!1s0x30e2993a67658f9f:0xeeb3a6b5a674c4b0!8m2!3d13.7268175!4d100.5362069!15sChjguYDguJrguI3guIjguKPguIfguITguYxaGiIY4LmA4Lia4LiN4LiI4Lij4LiH4LiE4LmMkgEPdGhhaV9yZXN0YXVyYW50mgEjQ2haRFNVaE5NRzluUzBWSlEwRm5TVU4yZVMxaGVFTkJFQUXgAQD6AQUIrAYQPQ!16s%2Fg%2F1wjw9373?entry=ttu&g_ep=EgoyMDI2MDExMy4wIKXMDSoKLDEwMDc5MjA3MUgBUAM%3D",ร้านอาหารไทยชั้นเลิศที่นำเสนออาหารไทยต้นตำรับในรูปแบบร่วมสมัย 
12,สีลม,Lebanese (WA),อัลซาราย ( Al Saray),"https://www.google.com/maps/place/Al+Saray+-+Silom/@13.7288294,100.5346533,852m/data=!3m2!1e3!4b1!4m6!3m5!1s0x30e29f2bf8461bad:0x3210d31c5e00ca82!8m2!3d13.7288294!4d100.5346533!16s%2Fg%2F11g68z3yc7?entry=ttu&g_ep=EgoyMDI2MDExMy4wIKXMDSoKLDEwMDc5MjA3MUgBUAM%3D",ร้านอาหารเลบานอน-อินเดีย รีวิวอาหารฮาลาล อาหารอินเดียกรุงเทพ 
13,สีลม,Western,Maison Dunand ,"https://www.google.com/maps/place/Maison+Dunand/@13.7228824,100.5274535,852m/data=!3m2!1e3!4b1!4m6!3m5!1s0x30e29fd9cd386c3f:0x693d99bdbe632576!8m2!3d13.7228824!4d100.5274535!16s%2Fg%2F11r_fg1qgl?entry=ttu&g_ep=EgoyMDI2MDExMy4wIKXMDSoKLDEwMDc5MjA3MUgBUAM%3D",ร้านอาหารไฟน์ไดน์นิ่งสัญชาติฝรั่งเศสในคอนเซ็ปต์ที่ได้แรงบันดาลใจจากเทือกเขาแอลป์โดยเชฟ Arnaud Dunand
14,สีลม,Western,ALL GOOD CACAO BISTRO,"https://www.google.com/maps/place/ALL+GOOD+Cacao+Bistro+%26+Hostel/@13.7231553,100.5205677,852m/data=!3m2!1e3!4b1!4m6!3m5!1s0x30e29940d18fe61d:0xf0f2a02adcad3f4d!8m2!3d13.7231553!4d100.5205677!16s%2Fg%2F11s1qrcqdt?entry=ttu&g_ep=EgoyMDI2MDExMy4wIKXMDSoKLDEwMDc5MjA3MUgBUAM%3D",ร้านอาหารเพื่อสุขภาพประจำย่านสีลม ที่พร้อมสนับสนุนวัตถุดิบท้องถิ่นและสร้างรายได้ให้แก่ชาวประมง
15,สีลม,Western,Cento,"https://www.google.com/maps/place/Cento/@13.7266526,100.5398183,852m/data=!3m2!1e3!4b1!4m6!3m5!1s0x30e29f13995c0997:0xe066f62ee1d6e0e0!8m2!3d13.7266526!4d100.5398183!16s%2Fg%2F11vl980kfn?entry=ttu&g_ep=EgoyMDI2MDExMy4wIKXMDSoKLDEwMDc5MjA3MUgBUAM%3D",ร้านอาหารอิตาเลียนบรรยากาศดี
16,สีลม,Chinese,ขาหมูตรอกซุง,"https://www.google.com/maps/place/%E0%B8%82%E0%B8%B2%E0%B8%AB%E0%B8%A1%E0%B8%B9%E0%B8%95%E0%B8%A3%E0%B8%AD%E0%B8%81%E0%B8%8B%E0%B8%B8%E0%B8%87%E0%B8%9A%E0%B8%B2%E0%B8%87%E0%B8%A3%E0%B8%B1%E0%B8%81/@13.7194428,100.5166856,852m/data=!3m2!1e3!4b1!4m6!3m5!1s0x30e298c5c0945b7d:0xdd405ab4c70bac23!8m2!3d13.7194428!4d100.5166856!16s%2Fg%2F1tdt3kxc?entry=ttu&g_ep=EgoyMDI2MDExMy4wIKXMDSoKLDEwMDc5MjA3MUgBUAM%3D",ร้านขาหมูเก่าแก่ในย่านบางรักที่ขายขาหมูรสชาติเข้มข้น เสิร์ฟข้าวร้อนๆ กับขาหมูเนื้อนุ่ม หนังนิ่ม
17,สีลม,Thai,พาเลท บาร์ Palate Bar,"https://www.google.com/maps/place/Palate+Bangkok/@13.719161,100.515462,852m/data=!3m2!1e3!4b1!4m6!3m5!1s0x30e298c43312eddf:0xae0683f358202652!8m2!3d13.719161!4d100.515462!16s%2Fg%2F11cn8sj34h?entry=ttu&g_ep=EgoyMDI2MDExMy4wIKXMDSoKLDEwMDc5MjA3MUgBUAM%3D",ร้านอาหารกึ่งบาร์ 6 ชั้น รู้ฟท้อปใจกลางเจริญกรุง อาหารอร่อย เครื่องดื่มเพียบ
18,สีลม,Thai,ร้านเจ๊หลีลูกชิ้นปลาเจ้าเก่า,"https://www.google.com/maps/place/Je+Lee+Fish+Ball+Noodle/@13.7209458,100.5162137,852m/data=!3m2!1e3!4b1!4m6!3m5!1s0x30e298c5a81a3aab:0xf9569a7fbb6fcd4a!8m2!3d13.7209458!4d100.5162137!16s%2Fg%2F1pp2v025x?entry=ttu&g_ep=EgoyMDI2MDExMy4wIKXMDSoKLDEwMDc5MjA3MUgBUAM%3D",ร้านก๋วยเตี๋ยวลูกชิ้นปลาเก่าแก่ ย่านบางรัก ลูกชิ้นปลา หนึบ เด้ง ไม่คาว จุดเด่นของร้านนี้คือซอส เย็นตาโฟ
19,สีลม,Western,Giglio,"https://www.google.com/maps/place/Giglio+Trattoria+Fiorentina/@13.7227599,100.525921,852m/data=!3m2!1e3!4b1!4m6!3m5!1s0x30e299fc7b9efd57:0xa164e174405a7be1!8m2!3d13.7227599!4d100.525921!16s%2Fg%2F11jh1pvrcl?entry=ttu&g_ep=EgoyMDI2MDExMy4wIKXMDSoKLDEwMDc5MjA3MUgBUAM%3D",ร้านอาหารอิตาเลียนสไตล์ทัสกาน (Tuscan) ที่มีต้นตำรับ จากฝีมือของเชฟร้านอาหารอิตาเลียนชื่อดังอย่าง Peppina
20,สีลม,Chinese,บุญตงกี่,"https://www.google.com/maps/place/Boon+Tong+Kee+Silom+Complex/@13.7227599,100.525921,3407m/data=!3m1!1e3!4m10!1m2!2m1!1z4Lia4Li44LiN4LiV4LiH4LiB4Li14LmIIG5lYXIg4Liq4Li14Lil4LihIEJhbmdrb2s!3m6!1s0x30e29fd07652eb6d:0xb84ce43ea185a317!8m2!3d13.728292!4d100.5345852!15sCjLguJrguLjguI3guJXguIfguIHguLXguYggbmVhciDguKrguLXguKXguKEgQmFuZ2tvayIDiAEBWjciNeC4muC4uOC4jSDguJUg4LiHIOC4geC4teC5iCBuZWFyIOC4quC4teC4peC4oSBiYW5na29rkgEKcmVzdGF1cmFudOABAA!16s%2Fg%2F11wr95drbb?entry=ttu&g_ep=EgoyMDI2MDExMy4wIKXMDSoKLDEwMDc5MjA3MUgBUAM%3D",ร้านอาหารที่มีไก่ฉ่ำๆ เสิร์ฟพร้อมน้ำราดไก่สูตรเฉพาะของบุญตงกี่ อร่อยกลมกล่อมแบบต้นตำรับสิงคโปร์แท้ๆ
21,สีลม,Thai,สุพรรณิการ์  ,"https://www.google.com/maps/place/Supanniga+Eating+Room,+Sathorn+10+:+%E0%B8%AB%E0%B9%89%E0%B8%AD%E0%B8%87%E0%B8%97%E0%B8%B2%E0%B8%99%E0%B8%82%E0%B9%89%E0%B8%B2%E0%B8%A7%E0%B8%AA%E0%B8%B8%E0%B8%9E%E0%B8%A3%E0%B8%A3%E0%B8%93%E0%B8%B4%E0%B8%81%E0%B8%B2%E0%B8%A3%E0%B9%8C+%E0%B8%AA%E0%B8%B2%E0%B8%97%E0%B8%A3+10/@13.7227599,100.525921,852m/data=!3m1!1e3!4m6!3m5!1s0x30e298cd7c44f369:0x1ad974680990667d!8m2!3d13.7232092!4d100.5272196!16s%2Fg%2F11bx9p4g86?entry=ttu&g_ep=EgoyMDI2MDExMy4wIKXMDSoKLDEwMDc5MjA3MUgBUAM%3D",ร้านอาหารไทยตำรับโบราณ รสจัดจ้าน สูตรเด็ดจากเมืองตราด ดีกรีมิชลิน 6 ปีซ้อน
22,สีลม,Chinese,นายเม้งบะหมี่ปูเกี๊ยวกุ้งยักษ์ Nai Meng Crab Noodle,"https://www.google.com/maps/place/Nai+Meng+Crab+Noodle/@13.722762,100.525915,852m/data=!3m1!1e3!4m6!3m5!1s0x30e29f2954aa00a9:0x583e6cf7a308aafe!8m2!3d13.7286544!4d100.5351116!16s%2Fg%2F1tcv8bgp?entry=ttu&g_ep=EgoyMDI2MDExMy4wIKXMDSoKLDEwMDc5MjA3MUgBUAM%3D",ร้านบะหมี่เกี๊ยวกุ้งปูรวมมิตร เพราะให้เครื่องแน่น โดยเฉพาะเกี๊ยวกุ้งยักษ์ตัวโตที่กุ้งเป็นชิ้นเต็มคำ
23,สีลม,Chinese,ก๋วยเตี๋ยวสิบสองปันนา Sipsong Banna Noodles House,https://maps.app.goo.gl/WvEWLouq32fUGXBM7,ร้านอาหารยืนหนึ่งในเรื่องน้ำเงี้ยว กับสูตรเด็ดเคล็ดลับที่ถ่ายทอดมานานกว่า50ปี อร่อยแบบต้นตำรับชาวเชียงรายแต๊ๆ
24,สีลม,Chinese,Xin Tian Di (ซิน เทียน ตี้),https://maps.app.goo.gl/P2ZCiqr4xJVdFEC69,
25,สีลม,Fusion,Happening,https://maps.app.goo.gl/jtqRyDagKrt7Ddqn7,
26,สีลม,Western,EAT ME RESTAURANT,https://maps.app.goo.gl/HwYZfizGRLA8SiET8,
27,สีลม,Western,Pipula! Bangkok,https://maps.app.goo.gl/rFvchoHNwkEM9Sk27,
28,สีลม,Chinese,321BBQ(Silom),https://maps.app.goo.gl/J4K1hzgAT2p7uepw6,
29,สีลม,Western,Ojo Bangkok,https://maps.app.goo.gl/Ar5d3P7rNYSM9qS47,
30,สีลม,Western,Bardo Social Bistro and Bar,https://maps.app.goo.gl/eK6vxN6kQChHaXAY8,
31,สีลม,Western,The Standard Grill,https://maps.app.goo.gl/beNf5r9KGA4EnrM39,
32,สีลม,Thai,Wander BKK,https://maps.app.goo.gl/v3DgtPFwNdz6e4UDA,
33,สีลม,Vegan,Sook Sathorn Silom Branch,https://maps.app.goo.gl/zo1EpqRkiCE8ZbxN8,
34,สีลม,Western,La Lupita Bangkok,https://maps.app.goo.gl/T2YD9582fvYh1Nvv7,
35,สีลม,Thai,KwanRean Kitchen,https://maps.app.goo.gl/7GkxnXw6zZtiGZuS6,
36,สีลม,Halal,Elbasha Silom Branch,https://maps.app.goo.gl/fymwUHNKRgHKcwEo8,
37,สีลม,Thai,Khrua Ban Bang Rak ครัวบ้านบางรัก,https://maps.app.goo.gl/96P3ehiVFvWD1W3B9,
38,สีลม,Western,The Verandah,https://maps.app.goo.gl/JwtZcPjsSND11sLS7,
39,สีลม,Thai,เล ลาว สาขาสีลม lay lao - Silom,https://maps.app.goo.gl/BqQq5UmuM33yPdxd9,
40,สีลม,Western,G's,https://maps.app.goo.gl/NhgXbqNhLE9CTYrN6,
41,สีลม,South Asian,EKKA Indian Grill and Bar,https://maps.app.goo.gl/iEJKDqj2PKhwUjmE7,
42,สีลม,Western,Rolling Ribs Brew Bar & BBQ,https://maps.app.goo.gl/a66oGhaBhPF87oYh8,
43,สีลม,Western,The Shack Bangkok,https://maps.app.goo.gl/8YPM2Vo4gNxT5i9u8,
44,สีลม,Thai,BIB: Break in Bangkok,https://maps.app.goo.gl/EksRbinEs5prfGrx9,
45,สีลม,Western,Babyccino Mahanakhon,https://maps.app.goo.gl/YyDGucvTxTFsoygk7,
46,สีลม,Western,XII Bistro & Bar,https://maps.app.goo.gl/A8TbA4Mb61sojAho6,
47,สีลม,Western,Opus The Italian Wine Bar & Restaurant,https://maps.app.goo.gl/xufAzgUzQiAeiiSs9,
48,สีลม,Turkish (WA),The Marca,https://maps.app.goo.gl/YNTVL25oAqFswC2r8,
49,สีลม,Western,Lo Strabacco,https://maps.app.goo.gl/2ohEoiHskSmatb9C9,
50,สีลม,Thai,Baan Somtum Sathorn,https://maps.app.goo.gl/Z76yHroAe2hFktKd9,
51,สีลม,Thai,Baan Chiang Restaurant ร้านอาหารบ้านเชียง,https://maps.app.goo.gl/2QhUw9jTG4Fv5cj46,
52,สีลม,Thai,ข้าวต้มกุ๊ยรวยมิตร สาทร 10 : RUAY MITR Sathorn 10,https://maps.app.goo.gl/8pZVWaaqDTYxE8aD8,
53,สีลม,Thai,SOI Bangkok Restaurant,https://maps.app.goo.gl/wmmGPTkYX1fY97V76,
54,สีลม,Western,Le Café des Stagiaires - Bangkok,https://maps.app.goo.gl/svGqS5hj2hAGxLAB9,
55,สีลม,Western,Kai New Zealand,https://maps.app.goo.gl/TSG2sRhNXGXYp3BV9,
56,สีลม,Thai,The House on Sathorn,https://maps.app.goo.gl/W6neGat1HedqaJz2A,
57,สีลม,Western,La Dotta Pasta Bar,https://maps.app.goo.gl/16pNSbacw9tscnGB8,
58,สีลม,Western,Marco Polo,https://maps.app.goo.gl/DPCc9TqGhGZoi7fa8,
59,สีลม,Thai,Lon Lon Local Diner,https://maps.app.goo.gl/r13oHUJw323x41mw6,
60,สีลม,Vegan,Veganerie Silom,https://maps.app.goo.gl/69Q6QszeGaCbForN6,
61,สีลม,South Asian,BDESI,https://maps.app.goo.gl/NoHQg2h6aRLrwwP88,
62,สีลม,Chinese,Mott32,https://maps.app.goo.gl/seYS7BSWfXyCTK6m8,
63,สีลม,Japanese,Teppen Sathorn,https://maps.app.goo.gl/xLCu3DHx8bW6a19o9,
64,สีลม,Japanese,EGAO Izakaya,https://maps.app.goo.gl/tzzZodWqfmWt3epX7,
65,สีลม,Japanese,Terra Sathon,https://maps.app.goo.gl/WLepGFhHxHRpZebY6,
66,สีลม,Japanese,Izakaya Hotei at Sathorn12,https://maps.app.goo.gl/z4Stmb4ERfXSFnrH7,
67,สีลม,Japanese,Hokkaido Genshiyaki,https://maps.app.goo.gl/favcXhasAv425Sux7,
68,สีลม,Thai,Samrub Samrub Thai,https://maps.app.goo.gl/PZpnzWuxQKyeBDJ27,
69,สีลม,Western,90GRAMS,https://maps.app.goo.gl/Njv6Hhd9fZ1kq6Nd6,
70,สีลม,Western,kasnäsbkk,https://maps.app.goo.gl/uw6E1BubZbjtRGEN8,
71,สีลม,Japanese,ROUX'S,https://maps.app.goo.gl/hRPKYnRUdrkPi4oR8,
72,สีลม,"Vegan, Healthy",Suananda Vegetarian garden cafe (อาหารมังสวิรัติ),https://maps.app.goo.gl/qTaPvRvWLk5E7hKW7,
73,สีลม,Healthy,Ji Ma Wu จี๊หม่าหวู งาดำ,https://maps.app.goo.gl/2U8234dd73YgCXEL7,
74,สีลม,Healthy,ร้านเก๋ากลางกรุง,https://maps.app.goo.gl/3QrFHsYMBDVSc3vcA,
75,สีลม,Healthy,Hom Run Juan Cuisine - หอมรัญจวน,https://maps.app.goo.gl/rhLvVEN3TFjTxJmg9,
76,สีลม,Korean,Yoonique House,https://maps.app.goo.gl/8xRdqqpTeqVvhnCA9,
77,สีลม,Healthy,Hea Kaew Boran Soup (Since 1994),https://maps.app.goo.gl/LrAwtTvh1YbnJAwP6,
,,,,,
1,บางรัก,Thai,คอสามล้อ,"https://www.google.com/maps/place/Sam+Lor/@13.7302557,100.512981,852m/data=!3m2!1e3!4b1!4m6!3m5!1s0x30e29949a21c764f:0x5244a59b041fbee!8m2!3d13.7302505!4d100.5155559!16s%2Fg%2F11lkjymcdt?entry=ttu&g_ep=EgoyMDI2MDExMy4wIKXMDSoKLDEwMDc5MjA3MUgBUAM%3D",
2,บางรัก,Thai,ต๋องเต็มโต๊ะ,"https://www.google.com/maps/place/Tong+Tem+Toh/@13.7302557,100.512981,852m/data=!3m1!1e3!4m6!3m5!1s0x30e299162f0579b5:0x117a5a5382be963f!8m2!3d13.720869!4d100.5153295!16s%2Fg%2F11vyqj4fpw?entry=ttu&g_ep=EgoyMDI2MDExMy4wIKXMDSoKLDEwMDc5MjA3MUgBUAM%3D",ริมแม่น้ำเจ้าพระยา
3,บางรัก,Western,Oscar &Blanco,"https://www.google.com/maps/place/Osca+%26+Blanco+Bar+and+Restaurant/@13.7208742,100.5127546,852m/data=!3m1!1e3!4m6!3m5!1s0x30e299106f6edc41:0x403141082c01f2f!8m2!3d13.7267551!4d100.5142965!16s%2Fg%2F11rkpb9dcb?entry=ttu&g_ep=EgoyMDI2MDExMy4wIKXMDSoKLDEwMDc5MjA3MUgBUAM%3D",ริมแม่น้ำเจ้าพระยา
4,บางรัก,Western,Howler Bar & Grill,"https://www.google.com/maps/place/Howler+Bar+%26+Grill/@13.7270721,100.5116493,852m/data=!3m2!1e3!4b1!4m6!3m5!1s0x30e299db1f4c7d85:0xbf0b17dc0b124e34!8m2!3d13.7270669!4d100.5142242!16s%2Fg%2F11rmt361zp?entry=ttu&g_ep=EgoyMDI2MDExMy4wIKXMDSoKLDEwMDc5MjA3MUgBUAM%3D",ริมแม่น้ำเจ้าพระยา
5,บางรัก,Thai,High Tide Eatery & Bar,"https://www.google.com/maps/place/High+Tide+Eatery+%26+Bar+-+BKK/@13.7270721,100.5116493,852m/data=!3m1!1e3!4m6!3m5!1s0x30e2998cba4a683d:0x5347e0a7d93ad608!8m2!3d13.7269127!4d100.5142677!16s%2Fg%2F11jmbk951m?entry=ttu&g_ep=EgoyMDI2MDExMy4wIKXMDSoKLDEwMDc5MjA3MUgBUAM%3D",ริมแม่น้ำเจ้าพระยา
6,บางรัก,Japanese,ร้าน JUA,"https://www.google.com/maps/place/JUA+Izakaya/@13.7306921,100.5123262,852m/data=!3m2!1e3!4b1!4m6!3m5!1s0x30e298d9721d063d:0xa17127b1afd90638!8m2!3d13.7306869!4d100.5149011!16s%2Fg%2F11ck2yxbfn?entry=ttu&g_ep=EgoyMDI2MDExMy4wIKXMDSoKLDEwMDc5MjA3MUgBUAM%3D",ริมแม่น้ำเจ้าพระยา
7,บางรัก,Thai,Jack's Bar,"https://www.google.com/maps/place/Jack's+Bar/@13.7306921,100.5123262,852m/data=!3m1!1e3!4m6!3m5!1s0x30e298c4970ebedb:0x793779d72a120dbc!8m2!3d13.7223976!4d100.5135821!16s%2Fg%2F11b6zsny3g?entry=ttu&g_ep=EgoyMDI2MDExMy4wIKXMDSoKLDEwMDc5MjA3MUgBUAM%3D",ริมแม่น้ำเจ้าพระยา
8,บางรัก,Thai,ร้าน ณ รชา ครัวริมน้ำ 32,"https://www.google.com/maps/place/Racha+Riverside32/@13.7272742,100.5110772,852m/data=!3m2!1e3!4b1!4m6!3m5!1s0x30e2996483fc90cd:0x8cdbf0ca276ba469!8m2!3d13.727269!4d100.5136521!16s%2Fg%2F11lq2794ds?entry=ttu&g_ep=EgoyMDI2MDExMy4wIKXMDSoKLDEwMDc5MjA3MUgBUAM%3D",ริมแม่น้ำเจ้าพระยา
9,บางรัก,Thai,Baan Phadthai,"https://www.google.com/maps/place/Baan+Phadthai/@13.7207965,100.5106337,852m/data=!3m2!1e3!4b1!4m6!3m5!1s0x30e298c4554fe7d5:0x857e4651df398aea!8m2!3d13.7207913!4d100.5155046!16s%2Fg%2F11bzsfggxj?entry=ttu&g_ep=EgoyMDI2MDExMy4wIKXMDSoKLDEwMDc5MjA3MUgBUAM%3D",
10,บางรัก,Thai,มาซาโร่ บูทิค แอนด์ เรสเทอรองท์,"https://www.google.com/maps/place/Mazzaro+Boutique+and+Restaurant/@13.7207965,100.5106337,852m/data=!3m1!1e3!4m6!3m5!1s0x30e298dae80057c9:0xd2bd6e888ef8a9e5!8m2!3d13.721293!4d100.5157812!16s%2Fg%2F1tdv2_v9?entry=ttu&g_ep=EgoyMDI2MDExMy4wIKXMDSoKLDEwMDc5MjA3MUgBUAM%3D",
11,บางรัก,Thai,ร้านอาหารอักษร,"https://www.google.com/maps/place/Aksorn/@13.7212982,100.5132063,852m/data=!3m1!1e3!4m6!3m5!1s0x30e2996bd1ab1511:0x519ff926a421da5e!8m2!3d13.7245013!4d100.516239!16s%2Fg%2F11kxcl0tv6?entry=ttu&g_ep=EgoyMDI2MDExMy4wIKXMDSoKLDEwMDc5MjA3MUgBUAM%3D",
12,บางรัก,Thai,เอ็ทตี้ ทเวนตี้,"https://www.google.com/maps/place/80%2F20+Eighty+Twenty/@13.7311116,100.5128961,852m/data=!3m2!1e3!4b1!4m6!3m5!1s0x30e29910ab5387cf:0x73fd412d73b35383!8m2!3d13.7311064!4d100.515471!16s%2Fg%2F11ffm1gjn6?entry=ttu&g_ep=EgoyMDI2MDExMy4wIKXMDSoKLDEwMDc5MjA3MUgBUAM%3D",
,,,,,
1,บางรัก,Thai,ฮาร์โมนิค,"https://www.google.com/maps/place/Harmonique/@13.7263923,100.5132156,852m/data=!3m2!1e3!4b1!4m6!3m5!1s0x30e298dafe95fbcf:0x1245f27cb1708e17!8m2!3d13.7263871!4d100.5157905!16s%2Fg%2F1tmg8wd0?entry=ttu&g_ep=EgoyMDI2MDExMy4wIKXMDSoKLDEwMDc5MjA3MUgBUAM%3D",
2,บางรัก,Thai,บ้านส้มตำ,"https://www.google.com/maps/place/Baan+Somtum+%E0%B8%9A%E0%B9%89%E0%B8%B2%E0%B8%99%E0%B8%AA%E0%B9%89%E0%B8%A1%E0%B8%95%E0%B8%B3+%E0%B8%AA%E0%B8%B2%E0%B8%82%E0%B8%B2%E0%B8%9A%E0%B8%B2%E0%B8%87%E0%B8%A3%E0%B8%B1%E0%B8%81/@13.7251529,100.5134086,852m/data=!3m2!1e3!4b1!4m6!3m5!1s0x30e2998d23f0ed9b:0x1e322b43284d2937!8m2!3d13.7251477!4d100.5159835!16s%2Fg%2F11h_1hk46l?entry=ttu&g_ep=EgoyMDI2MDExMy4wIKXMDSoKLDEwMDc5MjA3MUgBUAM%3D",
3,บางรัก,Western,Cholos Mexican Charoen Krung,https://maps.app.goo.gl/vPmtdYmozoA7WEax7,
4,บางรัก,Fusion,Breeze,https://maps.app.goo.gl/vnXr1ZzUKu1VjYSv8,
5,บางรัก,Western,Cozii Steak and Restaurant,https://maps.app.goo.gl/uiJNRizCwKDBpwDd8,
6,บางรัก,Vegan,Broccoli Revolution Charoen Krung,https://maps.app.goo.gl/VEw6rLujdKHygYJe6,
7,บางรัก,Western,André,https://maps.app.goo.gl/ifGfN2WWBh8Hvser9,
8,บางรัก,Thai,Khrua Ban Bang Rak ครัวบ้านบางรัก,https://maps.app.goo.gl/96P3ehiVFvWD1W3B9,
9,บางรัก,Western,Ailati Resto,https://maps.app.goo.gl/Ux17mmhnQNiZf2KG6,
10,บางรัก,Western,Siam Yacht Club,https://maps.app.goo.gl/bYVZnzbvaCvyvoyg7,
11,บางรัก,Western,Sirocco,https://maps.app.goo.gl/gLLeURk295wcTUZL9,
12,บางรัก,Vegan,Tien Sin,https://maps.app.goo.gl/HxAa3zbY1N4ndj2d7,
13,บางรัก,Vegan,J Family (Vegan),https://maps.app.goo.gl/mmfWjdtAt4yLUGun6,
14,บางรัก,South Asian,Jay Nataraj foods and hotel,https://maps.app.goo.gl/aHscete5CfiMVKQb8,
15,บางรัก,South Asian,Shree Balaji Restaurant,https://maps.app.goo.gl/t8X5yK8eHmEUzEp69,
16,บางรัก,Fusion,Mezzaluna,https://maps.app.goo.gl/Spwz1j7eMRh95SYk7,
17,บางรัก,Western,Italian Bistro - Silvio's Bistro,https://maps.app.goo.gl/ocuSqrEpHMYFQ2tE8,
18,บางรัก,Thai,Irvin Brew and Beat,https://maps.app.goo.gl/QVNvSPKL8saWsPir9,
19,บางรัก,Japanese,Hanaya 1976,https://maps.app.goo.gl/fubRdrDH6Ek96cPM6,
,,,,,
1,สุริยวงศ์,Chinese,ห้างหุ้นส่วนสามัญเจริญแสงสีลม,"https://www.google.com/maps/place/%E0%B8%82%E0%B8%B2%E0%B8%AB%E0%B8%A1%E0%B8%B9%E0%B9%80%E0%B8%88%E0%B8%A3%E0%B8%B4%E0%B8%8D%E0%B9%81%E0%B8%AA%E0%B8%87%E0%B8%AA%E0%B8%B5%E0%B8%A5%E0%B8%A1/@13.7228069,100.5143076,852m/data=!3m2!1e3!4b1!4m6!3m5!1s0x30e298c538adb537:0xb0993c65cb43bdf3!8m2!3d13.7228017!4d100.5168825!16s%2Fg%2F1tdj7g4r?entry=ttu&g_ep=EgoyMDI2MDExMy4wIKXMDSoKLDEwMDc5MjA3MUgBUAM%3D",
2,สุริยวงศ์,Chinese,สมบูรณ์โภชนา,"https://www.google.com/maps/place/Somboon+Seafood/@13.7228069,100.5143076,852m/data=!3m1!1e3!4m6!3m5!1s0x30e298d19aeee797:0x2a63abc0342b94e!8m2!3d13.7282415!4d100.5266321!16s%2Fg%2F1tdt387f?entry=ttu&g_ep=EgoyMDI2MDExMy4wIKXMDSoKLDEwMDc5MjA3MUgBUAM%3D",
3,สุริยวงศ์,Chinese,บุญโภชนา,"https://www.google.com/maps/place/Boon+Restaurant/@13.7282467,100.5240572,852m/data=!3m1!1e3!4m6!3m5!1s0x30e298d24fb816cd:0x876be9e985e3aad5!8m2!3d13.726863!4d100.5270514!16s%2Fg%2F1pzsltqxw?entry=ttu&g_ep=EgoyMDI2MDExMy4wIKXMDSoKLDEwMDc5MjA3MUgBUAM%3D",
4,สุริยวงศ์,Chinese,บริษัท ภัตตาคารแกรนด์เชียงการีลา จำกัด,"https://www.google.com/maps/place/Shangarila+Restaurant+Thaniya/@13.7268682,100.5221805,852m/data=!3m1!1e3!4m6!3m5!1s0x30e29f2bf0b8f9db:0xf0ca372af55157a9!8m2!3d13.7291991!4d100.5343477!16s%2Fg%2F1hf2p94zq?entry=ttu&g_ep=EgoyMDI2MDExMy4wIKXMDSoKLDEwMDc5MjA3MUgBUAM%3D",
5,สุริยวงศ์,Japanese,YAKINIKU JOENG,"https://www.google.com/maps/place/%E7%84%BC%E8%82%89%E5%8F%99%E8%8B%91+%E3%82%BF%E3%83%8B%E3%83%A4+Yakiniku+JOENG+%E0%B8%A2%E0%B8%B2%E0%B8%81%E0%B8%B4%E0%B8%99%E0%B8%B4%E0%B8%81%E0%B8%B8+%E0%B9%82%E0%B8%88%E0%B9%80%E0%B8%AD%E0%B8%87/@13.7291445,100.5315972,852m/data=!3m2!1e3!4b1!4m6!3m5!1s0x30e298d215cd8baf:0x5729975f36ea5442!8m2!3d13.7291393!4d100.5341721!16s%2Fg%2F11dx9gvvb_?entry=ttu&g_ep=EgoyMDI2MDExMy4wIKXMDSoKLDEwMDc5MjA3MUgBUAM%3D",
6,สุริยวงศ์,Chinese,ภัตตาคารเสฉวน,"https://www.google.com/maps/place/Sichuan+Restaurant+Silom/@13.7291445,100.5315972,852m/data=!3m1!1e3!4m6!3m5!1s0x30e29f22774e6939:0x41693c19044a8a08!8m2!3d13.7267804!4d100.52697!16s%2Fg%2F11fnpn_13t?entry=ttu&g_ep=EgoyMDI2MDExMy4wIKXMDSoKLDEwMDc5MjA3MUgBUAM%3D",
7,สุริยวงศ์,Japanese,ไดมาซึ Daimasu,"https://www.google.com/maps/place/Daimasu/@13.7267856,100.5243951,852m/data=!3m1!1e3!4m6!3m5!1s0x30e29f2ca9b460ef:0x9980aae67ed3885d!8m2!3d13.7290595!4d100.5300665!16s%2Fg%2F1pp2tvkqy?entry=ttu&g_ep=EgoyMDI2MDExMy4wIKXMDSoKLDEwMDc5MjA3MUgBUAM%3D",
8,สุริยวงศ์,Thai,Mama Mia,https://maps.app.goo.gl/rhUHTythCkEQKyNz5,
9,สุริยวงศ์,Western,Bangrak Grill,https://maps.app.goo.gl/9Mm6TtKkaucHszCN6,
10,สุริยวงศ์,South Asian,Grilled Town,https://maps.app.goo.gl/iPf5SqAhjaivWNZt5,
11,สุริยวงศ์,"Halal, South Asian",Habibi Restaurant Halal Food,https://maps.app.goo.gl/W8MbztfPgi5KWMP38,
12,สุริยวงศ์,South Asian,Ariya Indian Food Bangkok,https://maps.app.goo.gl/yTNjwGYkyfnD55wZ8,
13,สุริยวงศ์,Thai,Terrace เทอเรสซ์ เดอ บางกอก (อาคารสีลม ทาวเวอร์),https://maps.app.goo.gl/bxZjvKVeNnvD8Yjn6,
14,สุริยวงศ์,Thai,@surawong Restaurant,https://maps.app.goo.gl/61uyBrVoUQxeKf7n7,
15,สุริยวงศ์,Chinese,Boon Restaurant,https://maps.app.goo.gl/6JoKPFedGpvQrToZA,
16,สุริยวงศ์,Western,25 Degrees Burger Bar,https://maps.app.goo.gl/jCrzbz2MKcCJMBcs5,
17,สุริยวงศ์,Western,Buddy’s Bar and Grill (Silom),https://maps.app.goo.gl/HaiKDKx2bJwVb8dk8,
18,สุริยวงศ์,Lebanese (WA),Nadimos,https://maps.app.goo.gl/ZrKRCXxgxa1NqyCaA,
19,สุริยวงศ์,"Thai, Chinese",CHUi silom19 (ฉุยแฉก),https://maps.app.goo.gl/NQRYnsw3Hhz4Rafy9,
20,สุริยวงศ์,Western,The Pasta House,https://maps.app.goo.gl/SoY1NWFto7JLNyt68,
21,สุริยวงศ์,Thai,Thanying,https://maps.app.goo.gl/gY1S6pMco1QaiFZK7,
22,สุริยวงศ์,Western,Kay's Sathon,https://maps.app.goo.gl/4t8qti5BY2oJBFXN9,
23,สุริยวงศ์,Western,Sunrise Tacos at Silom,https://maps.app.goo.gl/nUk6o2FZF7nxD8xN9,
24,สุริยวงศ์,Japanese,Serina Teppanyaki,https://maps.app.goo.gl/td8M4Li7XBue9ocp9,
25,สุริยวงศ์,Western,Roadhouse Barbecue,https://maps.app.goo.gl/Q8w1QZrAwKgmWxYz8,
26,สุริยวงศ์,Vegan,Bonita Cafe and Social Club,https://maps.app.goo.gl/MN5fDudMUc5B7jnYA,
27,สุริยวงศ์,Vegan,Eat Me Veggie & Vegan,https://maps.app.goo.gl/MuAqCRfDFTUEeG66A,
28,สุริยวงศ์,Vegan,"U'MA FAMILY RESTAURANT (Vegetarian, vegan)",https://maps.app.goo.gl/fUmWMFobLgmABnv16,
29,สุริยวงศ์,Japanese,ISE Surawongse,https://maps.app.goo.gl/EqiZZu7eYaj1r2xT7,
30,สุริยวงศ์,Japanese,Hokkaido Izakaya Susukino,https://maps.app.goo.gl/bL7XGS8AUEEkLRXj7,
31,สุริยวงศ์,Japanese,YEBISU DINING,https://maps.app.goo.gl/97sU6rtKRADNijWaA,
32,สุริยวงศ์,Japanese,Washin Ramen,https://maps.app.goo.gl/UtTrJMJefeSLxTNx5,
33,สุริยวงศ์,Chinese,Shangarila Restaurant Thaniya,https://maps.app.goo.gl/EEYZ3qAJd45uZ37A6,
34,สุริยวงศ์,Western,"PaLeTa: Iberico, Wine, Bar",https://maps.app.goo.gl/vYXTvf2ALyt5WBo26,
35,สุริยวงศ์,Thai,Aunglo by Yangrak,https://maps.app.goo.gl/nRpAoWyiwdbSPr5r5,
,,,,,
1,มหาพฤฒาราม,Chinese,ร้านบะหมี่สว่าง,"https://www.google.com/maps/place/Sawang+Noodle/@13.7319478,100.5204454,852m/data=!3m2!1e3!4b1!4m6!3m5!1s0x30e298d44ad92971:0xe9eb7e8bac522b26!8m2!3d13.7319426!4d100.5253163!16s%2Fg%2F11bw46sw53?entry=ttu&g_ep=EgoyMDI2MDExMy4wIKXMDSoKLDEwMDc5MjA3MUgBUAM%3D",
2,มหาพฤฒาราม,Chinese,ไจ๊ บะหมี่เกี๊ยวกุ้งสะพานเหลือง,"https://www.google.com/maps/place/Jaii+noodle+1953+(Sapan+Lueang+branch)/@13.7337777,100.5206717,426m/data=!3m1!1e3!4m10!1m2!2m1!1z4LmE4LiI4LmKIOC4muC4sOC4q-C4oeC4teC5iOC5gOC4geC4teC5iuC4ouC4p-C4geC4uOC5ieC4h-C4quC4sOC4nuC4suC4meC5gOC4q-C4peC4t-C4reC4hyByYW1hIGl2IHJvYWQgbWFoYSBwaHJ1dHRoYXJhbSBiYW5nIHJhayBiYW5na29r!3m6!1s0x30e29929d12bef19:0x326212eb9e18e545!8m2!3d13.7353945!4d100.5218198!15sCooB4LmE4LiI4LmKIOC4muC4sOC4q-C4oeC4teC5iOC5gOC4geC4teC5iuC4ouC4p-C4geC4uOC5ieC4h-C4quC4sOC4nuC4suC4meC5gOC4q-C4peC4t-C4reC4hyByYW1hIGl2IHJvYWQgbWFoYSBwaHJ1dHRoYXJhbSBiYW5nIHJhayBiYW5na29rWpEBIo4B4LmE4LiI4LmKIOC4muC4sOC4q-C4oeC4teC5iCDguYDguIHguLXguYrguKLguKcg4LiB4Li44LmJ4LiHIOC4quC4sOC4nuC4suC4mSDguYDguKvguKXguLfguK3guIcgcmFtYSBpdiByb2FkIG1haGEgcGhydXR0aGFyYW0gYmFuZyByYWsgYmFuZ2tva5IBC25vb2RsZV9zaG9w4AEA!16s%2Fg%2F1hm5sc1_z?entry=ttu&g_ep=EgoyMDI2MDExMy4wIKXMDSoKLDEwMDc5MjA3MUgBUAM%3D",
3,มหาพฤฒาราม,Chinese,ร้านหมูหยองโชคดี,"https://www.google.com/maps/place/Bae+Hi+Lim/@13.7407646,100.5108574,852m/data=!3m2!1e3!4b1!4m6!3m5!1s0x30e29926a8a12fdb:0xeca2bf95a93601b2!8m2!3d13.7407594!4d100.5134323!16s%2Fg%2F1hc1kbvd_?entry=ttu&g_ep=EgoyMDI2MDExMy4wIKXMDSoKLDEwMDc5MjA3MUgBUAM%3D",
4,มหาพฤฒาราม,Thai,ทับทิม,"https://www.google.com/maps/place/Tubtim+Cuisine/@13.7407646,100.5108574,852m/data=!3m1!1e3!4m6!3m5!1s0x30e29929a74273c3:0xb0178066dec90c51!8m2!3d13.7341008!4d100.5250415!16s%2Fg%2F1tdn6333?entry=ttu&g_ep=EgoyMDI2MDExMy4wIKXMDSoKLDEwMDc5MjA3MUgBUAM%3D",
5,มหาพฤฒาราม,Thai,Markintiny,https://maps.app.goo.gl/21UohDaqBvUgAQkK9,
6,มหาพฤฒาราม,Thai,Yummy Thai Food,https://maps.app.goo.gl/sDpXARKGBBRzjk3S6,
7,มหาพฤฒาราม,Thai,ป.รุ่งโรจน์โอชา,https://maps.app.goo.gl/jxb6qEkC7ixhXrVn8,
8,มหาพฤฒาราม,Halal,Kebab Bar Halal (Bangkok),https://maps.app.goo.gl/Yu1UuntYbwnTWoji8,
9,มหาพฤฒาราม,South Asian,Shree Ganesh,https://maps.app.goo.gl/7LeLs76xtiz1i6Y39,
10,มหาพฤฒาราม,South Asian,D Hana Bhavan. Indian Vegetarian Food,https://maps.app.goo.gl/DDNWKCTwH8y2Cv7X7,
11,มหาพฤฒาราม,Chinese,ลิ้มเหล่าโหงว สะพานเหลือง,https://maps.app.goo.gl/RJo23vWXBt3qTYJfA,
12,มหาพฤฒาราม,Chinese,Khao Moo Daeng Here Tue,https://maps.app.goo.gl/wegrgQmVtB7f8K7G6,
,,,,,
1,สี่พระยา,Chinese,ร้านนิวเฮงกี่,"https://www.google.com/maps/place/New+Heng+Kee/@13.7314093,100.5195561,852m/data=!3m1!1e3!4m6!3m5!1s0x30e298da47802e65:0x11d3c73705bdabb0!8m2!3d13.7287002!4d100.5159247!16s%2Fg%2F1tnjf_y3?entry=ttu&g_ep=EgoyMDI2MDExMy4wIKXMDSoKLDEwMDc5MjA3MUgBUAM%3D",
2,สี่พระยา,Japanese,บริษัท ภัตตาคาร ฮานาย่า (1976) จำกัด,"https://www.google.com/maps/place/Hanaya+1976/@13.7287054,100.5133498,852m/data=!3m1!1e3!4m6!3m5!1s0x30e299782d5a3461:0x53d874b175ff7765!8m2!3d13.7298062!4d100.5166224!16s%2Fg%2F11jb1zp8ws?entry=ttu&g_ep=EgoyMDI2MDExMy4wIKXMDSoKLDEwMDc5MjA3MUgBUAM%3D",
3,สี่พระยา,Thai,100 mahaseth,"https://www.google.com/maps/place/100+Mahaseth/@13.7290575,100.5134678,852m/data=!3m2!1e3!4b1!4m6!3m5!1s0x30e298d0aa03e6df:0xd4abb510b6104776!8m2!3d13.7290523!4d100.5183387!16s%2Fg%2F11fy55m5ry?entry=ttu&g_ep=EgoyMDI2MDExMy4wIKXMDSoKLDEwMDc5MjA3MUgBUAM%3D",
4,สี่พระยา,Thai,บ้านสุริยาศัย (Tea Room),"https://www.google.com/maps/place/Baan+Suriyasai/@13.7290998,100.5252753,852m/data=!3m2!1e3!4b1!4m6!3m5!1s0x30e29f2bbc161f97:0x376feec5661d6508!8m2!3d13.7290946!4d100.5278502!16s%2Fg%2F11fh_q4z2c?entry=ttu&g_ep=EgoyMDI2MDExMy4wIKXMDSoKLDEwMDc5MjA3MUgBUAM%3D",
5,สี่พระยา,Chinese,ครัวเจ๊ง้อสี่พระยา,"https://www.google.com/maps/place/Krua+Je+Ngor/@13.7298924,100.5156563,852m/data=!3m2!1e3!4b1!4m6!3m5!1s0x30e298d9fe7a392f:0x1d05a92f242bb1cc!8m2!3d13.7298872!4d100.5182312!16s%2Fg%2F1hcbh3f9r?entry=ttu&g_ep=EgoyMDI2MDExMy4wIKXMDSoKLDEwMDc5MjA3MUgBUAM%3D",
6,สี่พระยา,Thai,คั่วกลิ้ง ผักสด,"https://www.google.com/maps/place/Khua+Kling+Pak+Sod/@13.7286588,100.5221761,852m/data=!3m2!1e3!4b1!4m6!3m5!1s0x30e29982bdd414f1:0xaa62887258ce2820!8m2!3d13.7286536!4d100.527047!16s%2Fg%2F11fjy_4mj3?entry=ttu&g_ep=EgoyMDI2MDExMy4wIKXMDSoKLDEwMDc5MjA3MUgBUAM%3D",
7,สี่พระยา,Chinese,Yào Restaurant,https://maps.app.goo.gl/xCevAeVLgdrA9NWr5,
8,สี่พระยา,Western,Small Dinner Club,https://maps.app.goo.gl/jA2RkA74C8E8FrSP9,
9,สี่พระยา,South Asian,Thai Pakistan Restaurant,https://maps.app.goo.gl/2N1ivBPxMUL8nLvx7,
10,สี่พระยา,Halal,Sri Lankan Halal Restaurant,https://maps.app.goo.gl/NBMtWZKgnZxkfHmGA,
11,สี่พระยา,South Asian,Anpu Restaurant,https://maps.app.goo.gl/GpikZ1jypGUbW1kS8,
12,สี่พระยา,South Asian,VK Ceylon Kitchen,https://maps.app.goo.gl/sRCRucFJzjhWgX496,
13,สี่พระยา,Thai,Praya Kitchen,https://maps.app.goo.gl/nnf4MtKiw4CfiDPs8,
14,สี่พระยา,South Asian,Baan India- Indian Cuisine,https://maps.app.goo.gl/h9tyANvrF1mC3ozSA,
15,สี่พระยา,Thai,Kruaboon Thai,https://maps.app.goo.gl/41RXh13LURXiCJbH6,
16,สี่พระยา,Thai,On The Square,https://maps.app.goo.gl/9byTk2PSw5rrZgSA7,
17,สี่พระยา,Chinese,Hainan House By Dr.Tom (Chicken Rice),https://maps.app.goo.gl/6P1hKBgwcoUSaGYr7,
18,สี่พระยา,Chinese,Yu Her Bao,https://maps.app.goo.gl/Z2cLqzTwy1dsQj3h9,
19,สี่พระยา,South Asian,Sweet 'N' Spicy Silom - Indian Restaurant,https://maps.app.goo.gl/k9duKejdaobbF9n29,
20,สี่พระยา,Japanese,Kissuisen,https://maps.app.goo.gl/NmxRhce1pRRKrFSZA,
21,สี่พระยา,Thai,Ruen Urai,https://maps.app.goo.gl/PPWLaoaHpnrYHTLeA,
22,สี่พระยา,"Healthy, South Asian",Al-Rahaman,https://maps.app.goo.gl/wj9yYmZvhWqGor436,
23,สี่พระยา,Western,Across 100,https://maps.app.goo.gl/ivvHVzrWedvjjUWR7,