Zone,Zone,thai name,,Description thai,,,Link google map
,,,en name,,description english,image links,
สีลม,Chinese,แสนยอดโภชนา,Grand Sanyod,ร้านอาหารจีนกวางตุ้งเก่าแก่กว่า 50 ปี มีเมนูราดหน้าและเป็ดย่าง,"A legendary Cantonese restaurant with over 50 years of heritage, specializing in gravy noodles and roasted duck.","https://dynamic-media-cdn.tripadvisor.com/media/photo-o/17/d6/c4/fb/photo0jpg.jpg?w=900&h=500&s=1

https://d3h1lg3ksw6i6b.cloudfront.net/media/image/2019/07/04/ab3c13f910e844ae8733792484a0af3c_-1063325029014100999_IMG_6186.JPG",https://maps.app.goo.gl/nRqdyZPC9TzgSoTv6
สีลม,Healthy,โจ๊กปริ้นซ์,Jok Prince,ร้านโจ๊กชื่อดังที่ทำจากเตาถ่าน มีความหอมเป็นเอกลักษณ์,"A famous congee shop cooked over charcoal, featuring a unique and smoky aroma.","https://tse3.mm.bing.net/th/id/OIP.Hqc_i-81rxgwN1z-xyz6NAHaHa?rs=1&pid=ImgDetMain&o=7&rm=3
https://hazeldiary.com/wp-content/uploads/2022/09/Jok-Prince-Congee-Bangkok-Thailand-1.jpg.webp",https://maps.app.goo.gl/3Jg3DBxPEBae6p9u8
สีลม,Chinese,ร้านประจักษ์,Prachak (Roasted Duck),ร้านเก่าแก่ในย่านบางรักที่มีอายุมากกว่า 100 ปี,A historic restaurant in the Bang Rak area with over 100 years of history.,"https://citynewsthai.com/wp-content/smush-webp/2021/03/FormatFactoryCPF-8-1024x640.jpg.webp

https://img.wongnai.com/p/1920x0/2018/07/28/42b5f176ecad475e8e5a59bf2a33127f.jpg",https://maps.app.goo.gl/XX3dq1o33TQHD7zh6
สีลม,Western,บิตเทอร์แมน,BITTERMAN,ร้านขาหมูต้นตำรับระดับตำนานกว่า 60 ปี,A legendary original pork leg rice restaurant with more than 60 years of heritage.,"https://img.wongnai.com/p/400x0/2020/08/30/098c5ef767f34c9d98fbda01559f2a32.jpg

https://tripcoupon.com/upload_files/BFIMG20240716094856.jpg",https://maps.app.goo.gl/PNT3SPU32LUYgYAn8
สีลม,Thai,นอร์ธ อีสต์,Northeast,ร้านอาหารอีสานลูกค้ากว่าครึ่งเป็นชาวต่างชาติ แต่รสชาติแซ่บสะเด็ดสไตล์คนไทย,"An Isan (Northeastern Thai) restaurant where over half of the customers are foreigners, yet it delivers bold and authentic Thai flavors.","https://dynamic-media-cdn.tripadvisor.com/media/photo-o/19/0a/f1/f1/photo3jpg.jpg?w=900&h=500&s=1

https://media-cdn.tripadvisor.com/media/photo-s/17/d7/c1/27/caption.jpg",https://maps.app.goo.gl/zqiifaCKS5m9sbdV8
สีลม,Japanese,ภัตตาคาร เดอะเจแปน,The Japan Restaurant,ร้านอาหารสมาคมญี่ปุ่นแห่งประเทศไทย ราคาเป็นมิตร,"The restaurant of the Japanese Association in Thailand, offering friendly and affordable prices.","https://cms.dmpcdn.com/ugcarticle/2025/06/23/2e01e0e0-5031-11f0-a608-734bd149bcaf_webp_original.webp

https://encrypted-tbn0.gstatic.com/images?q=tbn:ANd9GcTL4PsnMn76QNBqobH93BX0w52KZojb4R2efQ&s",https://maps.app.goo.gl/hS4bdzvfi9tpzBQb8
สีลม,Thai,เย็นตาโฟ คอนแวนต์,Yentafo Convent,ร้านเย็นตาโฟเจ้าดังในซอยคอนแวนต์ ร้านเก่าแก่เปิดมานานเกือบ 50 ปี ดีกรีมิชลินไกด์ปี 2018,"A famous Yen Ta Fo noodle shop in Convent Alley, nearly 50 years old and listed in the Michelin Guide 2018.","https://img.wongnai.com/p/1920x0/2012/03/02/ff80808135cc65640135d3847a286403.jpg

https://img.wongnai.com/p/1920x0/2019/10/01/a9b3a84a94044cacbc205889f15e8010.jpg",https://maps.app.goo.gl/ndnB9FVbULkTNqrd7
สีลม,Western,ซานอตติ,Zanotti IL Ristorante Italiano,ร้านอาหารItalian สุดคลาสสิคร้านหนึ่งในซอยศาลาแดง บรรยากาศหรูหรา สบายๆ เมนูเด็ดของที่ร้านคือ“พิซซ่า” ,A classic Italian restaurant in Sala Daeng area with an elegant yet relaxed atmosphere; the signature dish is pizza.,"https://img.wongnai.com/p/1920x0/2022/12/10/5cc1f510e51546089b0827dd81a86dc1.jpg

https://dynamic-media-cdn.tripadvisor.com/media/photo-o/0b/ac/52/26/caption.jpg?w=900&h=-1&s=1",https://maps.app.goo.gl/Xo6dghnHaxDMe7GV7
สีลม,Western,บราสเซอรี 9,Brasserie 9,ร้านอาหารสไตล์ฝรั่งเศสต้นตำรับ บรรยากาศสไตล์บิสโทร,An authentic French restaurant with a cozy bistro-style ambiance.,"https://www.brasserie9.com/media/2025/03/B9_Signature-Beef-Group-Shot-6-min.webp

https://www.bkkmenu.com/files/2020/02/Brasserie9-7.jpg",https://maps.app.goo.gl/uBq7Dts34GWk1DHr6
สีลม,Thai,เบญจรงค์,Benjarong Bangkok - Baan Dusit Thani,ร้านอาหารไทยชั้นเลิศที่นำเสนออาหารไทยต้นตำรับในรูปแบบร่วมสมัย ,A high-end Thai restaurant presenting authentic Thai cuisine in a modern and contemporary style.,"https://files.gqthailand.com/uploads/20230414153926.jpg

https://mpics.mgronline.com/pics/Images/566000003009802.JPEG",https://maps.app.goo.gl/gEwjw4z3p4BBUV5VA
สีลม,Western,เมซง ดูนองด์,Maison Dunand ,ร้านอาหารไฟน์ไดน์นิ่งสัญชาติฝรั่งเศสในคอนเซ็ปต์ที่ได้แรงบันดาลใจจากเทือกเขาแอลป์โดยเชฟ Arnaud Dunand,"A French fine-dining restaurant inspired by the Alps, led by Chef Arnaud Dunand.","https://encrypted-tbn0.gstatic.com/images?q=tbn:ANd9GcSGLWydKppV4LuUMJowWrRB5iozwuh7GittZg&s

https://www.panasm.com/wp-content/uploads/2023/06/Maison-Dunand-1.jpg",https://maps.app.goo.gl/tPtkTzbhZmABAwpX8
สีลม,Western,ออล กู๊ด คาเคา บิสโทร,ALL GOOD CACAO BISTRO,ร้านอาหารเพื่อสุขภาพประจำย่านสีลม ที่พร้อมสนับสนุนวัตถุดิบท้องถิ่นและสร้างรายได้ให้แก่ชาวประมง,A health-focused restaurant in the Silom area that supports local ingredients and helps generate income for local fishermen.,"https://cdn.myfunnow.com/imgs/product/eatigo/5013050_6.jpg

https://cdn.myfunnow.com/imgs/branch/eatigo_cover/5013050.jpg",https://maps.app.goo.gl/ofZaPDvFFmP1gpcY6
สีลม,Western,เชนโต,Cento,ร้านอาหารอิตาเลียนบรรยากาศดี,An Italian restaurant with a pleasant and inviting atmosphere.,"https://image.bangkokbiznews.com/uploads/images/contents/w1024/2024/03/XvmTELE5fybfjtL1ooH0.webp?x-image-process=style/lg-webp

https://image.bangkokbiznews.com/uploads/images/contents/w1024/2024/03/RNp215uMfrJ7F8V30joL.webp?x-image-process=style/lg-webp",https://maps.app.goo.gl/KQg6Ji9cBJfYSfQK9
สีลม,Chinese,ขาหมูตรอกซุง,Kha Moo Trok Sung,ร้านขาหมูเก่าแก่ในย่านบางรักที่ขายขาหมูรสชาติเข้มข้น เสิร์ฟข้าวร้อนๆ กับขาหมูเนื้อนุ่ม หนังนิ่ม,"A long-established pork leg rice restaurant in Bang Rak, known for its rich flavor, tender meat, and soft skin served with hot steamed rice.","https://image.bangkokbiznews.com/uploads/images/contents/w1024/2023/06/cGGk5EAnN7ynAlUgesA8.webp?x-image-process=style/md-webp

https://www.matichon.co.th/weekly/wp-content/uploads/2022/08/%E0%B8%82%E0%B8%B2%E0%B8%AB%E0%B8%A1%E0%B8%B9-2194.jpg",https://maps.app.goo.gl/kCpsYFVC4twwek3J9
สีลม,Thai,พาเลท บาร์ ,Palate Bar,ร้านอาหารกึ่งบาร์ 6 ชั้น รู้ฟท้อปใจกลางเจริญกรุง อาหารอร่อย เครื่องดื่มเพียบ,"A six-story semi-bar restaurant with a rooftop in the heart of Charoen Krung, offering delicious food and a wide selection of drinks.","https://siam2nite.media/JpjZg87EBJZ-Il7zOREqXpZsieU=/1280x720/smart/locations/3020/cover_large_p1elkh7o4018pe276kl13cgongf.jpg

https://siam2nite.media/2lGNlLQROiwPoLvN8H-zXJfPpVs=/1280x720/smart/locations/3020/cover_large_p1elkh7o411sbc12t91k02h2gu8pg.jpg",https://maps.app.goo.gl/xwY7wNvBhZPhFnMD8
สีลม,Thai,ร้านเจ๊หลีลูกชิ้นปลาเจ้าเก่า,Je Lee Fish Ball Noodle,ร้านก๋วยเตี๋ยวลูกชิ้นปลาเก่าแก่ ย่านบางรัก ลูกชิ้นปลา หนึบ เด้ง ไม่คาว จุดเด่นของร้านนี้คือซอส เย็นตาโฟ,"A classic fish ball noodle shop in Bang Rak, famous for its bouncy, non-fishy fish balls and signature Yen Ta Fo sauce.","https://img.wongnai.com/p/1920x0/2023/01/13/43b8aeec66404b30ae3964d32841a59b.jpg

https://cdn-th.orstatic.com/userphoto/doorphoto/0/1M/000BLB39D9453AC7F139A2lv.jpg?og=1",https://maps.app.goo.gl/XhA8y19v9U9y4fsi8
สีลม,Western,Giglio Trattoria Fiorentina,จิลลิโอ ตรัตโตเรีย ฟิออเรนตินา,ร้านอาหารอิตาเลียนสไตล์ทัสกาน (Tuscan) ที่มีต้นตำรับ จากฝีมือของเชฟร้านอาหารอิตาเลียนชื่อดังอย่าง Peppina,A Tuscan-style Italian restaurant with authentic recipes by the renowned Italian chef behind Peppina.,"https://themomentum.co/wp-content/uploads/2021/02/coverWIDESCREEN_outandabout_Gigilo-1280x720.jpg

https://img.wongnai.com/p/400x0/2020/09/23/3337c58378c54149bc27f9b82ca8cdc7.jpg",https://maps.app.goo.gl/9NGH3tSAWQKZZWEG7
สีลม,Thai,สุพรรณิการ์  ,"Supanniga Eating Room, Sathorn",ร้านอาหารไทยตำรับโบราณ รสจัดจ้าน สูตรเด็ดจากเมืองตราด ดีกรีมิชลิน 6 ปีซ้อน,"A traditional Thai restaurant serving bold, ancient recipes from Trat province, awarded Michelin recognition for six consecutive years.","https://dynamic-media-cdn.tripadvisor.com/media/photo-o/2b/c8/be/1d/shop-front.jpg?w=900&h=500&s=1

https://dynamic-media-cdn.tripadvisor.com/media/photo-o/23/6c/59/eb/interior.jpg?w=500&h=-1&s=1",https://maps.app.goo.gl/ULxGG1EKAJUsdUeKA
สีลม,Chinese,นายเม้งบะหมี่ปูเกี๊ยวกุ้งยักษ์ ,Nai Meng Crab Noodle,ร้านบะหมี่เกี๊ยวกุ้งปูรวมมิตร เพราะให้เครื่องแน่น โดยเฉพาะเกี๊ยวกุ้งยักษ์ตัวโตที่กุ้งเป็นชิ้นเต็มคำ,"A mixed shrimp and crab wonton noodle shop known for generous portions, especially its giant shrimp wontons.","https://img.wongnai.com/p/1920x0/2014/10/16/d2eced7936094e5cba80b7353a7f9035.jpg

https://i.ytimg.com/vi/TPfCj0bQtqs/maxresdefault.jpg",https://maps.app.goo.gl/fk49GH8JrNspTSWg9
สีลม,Chinese,ก๋วยเตี๋ยวสิบสองปันนา,Sipsong Banna Noodles House,ร้านอาหารยืนหนึ่งในเรื่องน้ำเงี้ยว กับสูตรเด็ดเคล็ดลับที่ถ่ายทอดมานานกว่า50ปี อร่อยแบบต้นตำรับชาวเชียงรายแต๊ๆ,"A restaurant famous for Nam Ngiao noodles, using a secret recipe passed down for over 50 years, offering authentic Chiang Rai flavors.","https://img.wongnai.com/p/1920x0/2020/03/12/ec217e1b0b8a45629e5bb0854c9784b6.jpg

https://www.bloggang.com/data/chim/picture/1322728961.jpg",https://maps.app.goo.gl/WvEWLouq32fUGXBM7
สีลม,Chinese,ซิน เทียน ตี้,Xin Tian Di,โดดเด่นด้วยอาหารจีนกวางตุ้งและเสฉวนต้นตำรับ เมนูแนะนำคือเป็ดปักกิ่งและติ่มซำ,A restaurant specializing in authentic Cantonese and Sichuan cuisine; recommended dishes include Peking duck and dim sum.,"https://cdn.myfunnow.com/imgs/product/eatigo/1711_6.jpg

https://f.ptcdn.info/090/088/000/mb0av9xuiRKOLLWZ4Mn-o.jpg",https://maps.app.goo.gl/P2ZCiqr4xJVdFEC69
สีลม,Bar,Happening dine and bar,แฮพเพนนิ่ง ไดน์ แอนด์ บาร์,Happening​ dine and bar บาร์ลับกลางสีลม​ บรรยากาศ​ Rooftop​ อากาศดี​ อาหารอร่อย​ มีวงดนตรีเล่นสด ราคามิตรภาพ อ่านต่อได้ที่ https://www.wongnai.com/reviews/2c40c427076b402a8d9143ec4be91565?ref=ct,"Happening Dine and Bar – a hidden rooftop bar in Silom with a great atmosphere, live music, delicious food, and friendly prices.","https://pbs.twimg.com/media/EiwgynMU8AE7hgd.jpg

https://dynamic-media-cdn.tripadvisor.com/media/photo-o/2b/68/36/5a/caption.jpg?w=1200&h=1200&s=1",https://maps.app.goo.gl/jtqRyDagKrt7Ddqn7
สีลม,Western,EAT ME RESTAURANT,อีท มี เรสเตอรองต์,Eat Me  ร้านอร่อยขึ้นชื่อในซอยพิพัฒน์ 2 (ถนนคอนแวนต์) ที่ครองใจทั้งคนไทยและต่างชาติมานานกว่า 17 ปี,"Eat Me – a well-known restaurant in Pipat 2 (Convent Road), beloved by both locals and foreigners for over 17 years.","https://dynamic-media-cdn.tripadvisor.com/media/photo-o/1a/8f/b6/64/outdoor-seating-on-the.jpg?w=900&h=500&s=1

https://www.bkkmenu.com/files/2015/11/Eat-Me--Eat-Me-22.jpg",https://maps.app.goo.gl/HwYZfizGRLA8SiET8
สีลม,Western,พิพูล่า! แบงคอก,Pipula! Bangkok,ร้านอาหารสไตล์อิตาเลียน ที่เปิดทั้ง brunch และ dinner โดยมากับคอนเซ็ปต์ “beach club vibes” ที่ให้บรรยากาศเหมือนไปนั่งชิลริมน้ำในอิตาลี ,"An Italian restaurant serving both brunch and dinner with a “beach club vibes” concept, offering a relaxed seaside-like atmosphere inspired by Italy.","https://lh3.googleusercontent.com/gps-cs-s/AHVAwer_uYvyHJEbYrgTHRYj7gs8LW6XPXQTIKwgpAdfPfldzYgeYfHkW3H54lDvxCfo-3GzVwHFUxhRzwt6Dd8iIBCmollvCuOPCEVUD0Mx93fKqqBvlMpk81o7LSgT5_GZFO-zH-kX=s1360-w1360-h1020-rw

https://lh3.googleusercontent.com/gps-cs-s/AHVAweoa7_B9dSLaTWm7HZgXWkrtj2H-EDJxqP_xmYVWpFSFj_J_kwI2yrPijzm2mpd4DT1VogPcGBnU1vrkddOz1BdG1-iNAH_eaENeIfQweymrGtCpAIpYCQqZIkC610gjfez4A74pQkQM64X-=s1360-w1360-h1020-rw",https://maps.app.goo.gl/rFvchoHNwkEM9Sk27
สีลม,Chinese,321BBQ,321 บาร์บีคิว,ร้านปิ้งย่างรสชาติต้นตำหรับจากจีน อร่อยแบบไม่มัน ไม่มีไหม้ ไม่มีแข็ง,"An authentic Chinese-style grilled restaurant with rich flavors—non-greasy, not burnt, and perfectly tender.","https://lh3.googleusercontent.com/gps-cs-s/AHVAwequhAIIUChiQeLoxyqHiKTSF42AJFs_H_EO9ao42N8ApYKdS_NiMDnYwtRIhn0hnxWP2n2NXbvOEE6q9B-GTmjIW_kRsc0uQBUCGEE-k8JaWH7loufvDMOK3D7umza8JJ9ikhaTuiLKeE6_=s1360-w1360-h1020-rw

https://lh3.googleusercontent.com/gps-cs-s/AHVAweq5gwwANa5pbtY17OERx5g1AhThlcifIdJj1P2Yavck4nZgt9fZLdnAZ0jRnDZVz-PWG0JH9p0CeJziuiOyPFV67Cw_llsveBEpL0TnpLWQh74RDgpb0W_Y7NCbiOeBlM-nWVC9=s1360-w1360-h1020-rw",https://maps.app.goo.gl/J4K1hzgAT2p7uepw6
สีลม,Western,Ojo Bangkok,โอโฮ แบงค็อก,ร้านอาหารเม็กซิกันที่สูงและสวยที่สุดในเมืองไทย เป็นส่วนหนึ่งของโรงแรม The Standard อยู่บนชั้น 76 ของตึกมหานคร อ่านต่อได้ที่ https://www.wongnai.com/reviews/a13b38a0d20d4e1e987e9dcfe93bced8?ref=ct,"The tallest and most beautiful Mexican restaurant in Thailand, located on the 76th floor of King Power Mahanakhon at The Standard Hotel.","https://dynamic-media-cdn.tripadvisor.com/media/photo-o/28/a4/cc/eb/ojo-main-dining-area.jpg?w=900&h=500&s=1

https://www.eatchillwander.com/wp-content/uploads/2022/06/ojo-bangkok-mexican-restaurant-mahanakhon-bangkok-10-1024x683.jpg",https://maps.app.goo.gl/Ar5d3P7rNYSM9qS47
สีลม,Western,Bardo Social Bistro and Bar,บาร์โด โซเชียล บิสโทร แอนด์ บาร์,ร้านอาหารแนวกึ่งบาร์สไตล์เมดิเตอร์เรเนียนสุดครื้นเครงที่นำเสนอเมนูอาหารยุโรปหลากหลายสัญชาติ,A lively Mediterranean-style semi-bar restaurant offering a variety of European dishes from different cuisines.,"https://dynamic-media-cdn.tripadvisor.com/media/photo-o/21/a2/39/f1/our-dinning-room-can.jpg?w=900&h=500&s=1

https://cdn-th.orstatic.com/userphoto/doorphoto/8/6JD/01AHU90D8E640C505C48F7lv.jpg?og=1",https://maps.app.goo.gl/eK6vxN6kQChHaXAY8
สีลม,Western,The Standard Grill,เดอะ สแตนดาร์ด กริลล์,ร้านอาหารสไตล์อเมริกันบราสเซอรีที่มีต้นกำเนิดจากนิวยอร์ก,An American brasserie originating from New York.,"https://dynamic-media-cdn.tripadvisor.com/media/photo-o/30/81/ac/a3/the-standard-grill-day.jpg?w=900&h=500&s=1

https://img.wongnai.com/p/1920x0/2022/07/29/e8f7e6bab40547bf980ad2e203d5d000.jpg",https://maps.app.goo.gl/beNf5r9KGA4EnrM39
สีลม,Thai,Wander BKK,วอนเดอร์ บีเคเค,ร้านอาหารและบาร์ยอดนิยมย่านสีลม-สาทร ที่โดดเด่นด้วยบรรยากาศแบบแฮงเอาต์ชิลล์ ๆ และเมนูอาหารสไตล์ Thai Twist (ไทยฟิวชั่น) ที่รสชาติจัดจ้าน,"A popular restaurant and bar in the Silom–Sathorn area, featuring a chill hangout atmosphere and bold Thai Twist (Thai fusion) dishes.","https://www.bkkmenu.com/files/2019/10/WanderBKK0211.JPG

https://cdn-th.orstatic.com/userphoto/photo/8/6CT/01974MDCE3E20452436438lv.jpg",https://maps.app.goo.gl/v3DgtPFwNdz6e4UDA
สีลม,Vegan,สุข สาทร,Sook Sathorn Silom Branch,ร้านอาหารเพื่อสุขภาพที่เน้นเมนู มังสวิรัติ วีแกน และเจ โดยนำเสนอในรูปแบบรสชาติจัดจ้านแบบไทยคลาสสิก,"A health-focused restaurant specializing in vegetarian, vegan, and jay (plant-based) dishes with classic spicy Thai flavors.","https://scontent.fbkk5-6.fna.fbcdn.net/v/t39.30808-6/489961455_1241174571343524_8673629373094987273_n.jpg?_nc_cat=102&ccb=1-7&_nc_sid=833d8c&_nc_ohc=vO1tkNLbYhUQ7kNvwFarLGX&_nc_oc=AdmZTMmPUz_EB4agRehlRBeOQaVu3JNcdDqM9uJyGdPYHc83KLFsTmFyBSM046D5Orc&_nc_zt=23&_nc_ht=scontent.fbkk5-6.fna&_nc_gid=3b4GIp_2zuGLsTAmmXfS2Q&oh=00_Afo1PUQDE3Otn6W7D8Rv0r4V7YZJ3YK4sj5af3mbNAXU4Q&oe=69802E33

https://www.zolitic.com/media/65794978496a6f314c434979496a6f7a4e4449354d4377694d7949364d6977694d43493665794978496a6f314c434979496a6f7a4e4449354d4377694d7949364d6e3073496a55694f6a45794f444239.jpg",https://maps.app.goo.gl/zo1EpqRkiCE8ZbxN8
สีลม,Western,La Lupita Bangkok,ลา ลูปิต้า แบงค็อก,ร้านอาหารเม็กซิกันสไตล์ Taquería แท้ๆ ตั้งอยู่ที่โรงแรม Holiday Inn Silom ย่านสีลม โดยเน้นรสชาติแบบต้นตำรับที่ไม่ใช่แนว Tex-Mex ทั่วไป,"An authentic Taquería-style Mexican restaurant located at Holiday Inn Silom, focusing on traditional Mexican flavors rather than Tex-Mex.","https://lh3.googleusercontent.com/gps-cs-s/AHVAweojUMtArvI9ZcTVbVt25JwjjOVXB2ievwNH6J7KUNk9K6Yey0fO6a9VjCF4tTwRhYGe8NuPjxzWdEeT5TjI7AKRInIv9ALyWR1n1tLMXEXneCGQl256VLoguLYx6KdUbswYiH4P=s1360-w1360-h1020-rw

https://lh3.googleusercontent.com/gps-cs-s/AHVAweobxDj8CtWc22WT-kKekGNL7gtWUOFLDFuBPub1xn777Dqhm_Yo21lwNsZNKmQDXOjzZCa6sSwZQxuAdFcgsH9WyUIqWsmORXvIYz4bZ1YR_B_yRsCEU0eb5Sh6yQ75sAghxOKM71s2Buhe=s1360-w1360-h1020-rw",https://maps.app.goo.gl/T2YD9582fvYh1Nvv7
สีลม,Thai,KwanRean Kitchen,ครัวขวัญเรือน,ร้านอาหารไทยต้นตำรับที่ได้รับความนิยมในย่านบางรัก กรุงเทพฯ ให้บริการอาหารไทยหลากหลายเมนูในบรรยากาศสบายๆ และเป็นกันเอง,"A popular authentic Thai restaurant in the Bang Rak area of Bangkok, serving a variety of Thai dishes in a cozy and friendly atmosphere.","https://pbs.twimg.com/media/EiwgynMU8AE7hgd?format=jpg&name=large 
https://cms.dmpcdn.com/food/2020/10/03/a3d45550-04dc-11eb-a2b0-f9ce64d933bb_original.jpg ",https://maps.app.goo.gl/7GkxnXw6zZtiGZuS6
สีลม,Halal,Elbasha Silom Branch,เอลบาชา สาขาสีลม,ร้านอาหารเลบานอนและตะวันออกกลางต้นตำรับย่านสีลม โดดเด่นด้วยเมนูย่างถ่านและฮัมมุสรสชาติกลมกล่อม ในบรรยากาศการตกแต่งสไตล์อาหรับที่สวยงามและเป็นกันเอง,"An authentic Lebanese and Middle Eastern restaurant in Silom, featuring delicious charcoal-grilled dishes and creamy hummus in a beautifully decorated Arabic-style setting.","https://img.wongnai.com/p/400x0/2025/04/11/aa8ebff30b124386970d2e4e568b9edc.jpg

https://lh3.googleusercontent.com/p/AF1QipPfnXdeDA9iX_A_Hkn4k8TCc3_iXTDgXrT8gsag=s1360-w1360-h1020-rw",https://maps.app.goo.gl/fymwUHNKRgHKcwEo8
สีลม,Western,The Verandah,เดอะ เวอแรนด้า,"ห้องอาหารระดับตำนานริมแม่น้ำเจ้าพระยาของโรงแรม Mandarin Oriental, Bangkok","The iconic restaurant on the banks of the Chao Phraya River at Mandarin Oriental, Bangkok.","https://dynamic-media-cdn.tripadvisor.com/media/photo-o/1a/3e/f1/4d/the-verandah-renovated.jpg?w=500&h=-1&s=1

https://dynamic-media-cdn.tripadvisor.com/media/photo-o/1a/3e/f1/60/the-verandah-exterior.jpg?w=900&h=500&s=1",https://maps.app.goo.gl/JwtZcPjsSND11sLS7
สีลม,Thai,เล ลาว สาขาสีลม,lay lao - Silom,ร้านอาหารอีสานพรีเมียมระดับมิชลินไกด์ (Bib Gourmand) ที่ย้ายความอร่อยจากอารีย์มาไว้ใจกลางเมือง,"A premium Bib Gourmand-rated Isan restaurant, bringing its acclaimed flavors from Ari to the heart of the city.","https://www.ryoiireview.com/upload/article/202407/1721987084_fe5df232cafa4c4e0f1a0294418e5660.jpg

https://img.wongnai.com/p/1920x0/2022/07/14/6f5d24fccd41446483dd26a57795bb2e.jpg",https://maps.app.goo.gl/BqQq5UmuM33yPdxd9
สีลม,Western,G's,จีส์,ร้านอาหารและบาร์ยอดนิยมในซอยศาลาแดงที่เสิร์ฟอาหารเยอรมันต้นตำรับและอาหารไทยรสเด็ด ขึ้นชื่อเรื่องขาหมูเยอรมัน ไส้กรอก และเบียร์คราฟต์ในบรรยากาศที่สนุกสนานและเป็นกันเอง,"A popular restaurant and bar in Soi Sala Daeng serving authentic German favorites and tasty Thai dishes, famous for its pork knuckle, sausages, and craft beers in a lively, friendly atmosphere.","https://img.wongnai.com/p/400x0/2022/02/19/6d57f0a006424e5ebb80ee4bfa9308fb.jpg

https://lh3.googleusercontent.com/p/AF1QipNFeq8QpMCJTgqTTl8Eu3JIfqroOB8g_uSxOC5v=s1360-w1360-h1020-rw",https://maps.app.goo.gl/NhgXbqNhLE9CTYrN6
สีลม,South Asian,EKKA Indian Grill and Bar,เอกก้า อินเดียน กริลล์ แอนด์ บาร์,ร้านอาหารอินเดียพรีเมียมที่ตั้งอยู่ในย่านสีลม-สุรวงศ์ กรุงเทพฯ ให้บริการอาหารอินเดียต้นตำรับทั้งแบบมังสวิรัติและไม่ใช่ ร้านนี้มีบรรยากาศหรูหราทันสมัย เหมาะสำหรับมื้อค่ำแบบสบายๆ หรือโอกาสพิเศษ อาหารที่นี่เป็นฮาลาล,"A premium Indian restaurant in the Silom-Surawong area of Bangkok, serving authentic vegetarian and non-vegetarian dishes. With its stylish and elegant atmosphere, it is perfect for casual dinners or special occasions, and all food is Halal.","https://encrypted-tbn0.gstatic.com/images?q=tbn:ANd9GcRV6UA4lusd4tMlg7OFu3fiIgHbY3FNGa_neg&s 
https://ekkabkk.com/wp-content/uploads/2024/09/ekka-restaurant-2.jpg 
",https://maps.app.goo.gl/iEJKDqj2PKhwUjmE7
สีลม,Western,Rolling Ribs Brew Bar & BBQ,โรลลิ่ง ริบส์ บรูว์ บาร์ แอนด์ บีบีคิว,ร้านอาหารสไตล์เมมฟิสบาร์บีคิวตั้งอยู่ริมถนนสุรวงศ์ โดดเด่นด้วยการรมควันเนื้ออย่างพิถีพิถันจนนุ่มละมุน เสิร์ฟคู่กับเบียร์คราฟต์รสเยี่ยมในบรรยากาศกึ่งบาร์ที่ทันสมัยและมีชีวิตชีวา,"Located on Surawong Road, this Memphis-style BBQ joint specializes in tender, slow-smoked meats prepared with a signature dry rub. It offers a vibrant and modern industrial atmosphere, making it a perfect spot to enjoy authentic American barbecue paired with a wide selection of international and local craft beers.","https://www.ryoiireview.com/upload/article/202305/1685016989_f3c9bed1af3b4ca919b99106b43ce839.jpg

https://cdn.myfunnow.com/imgs/product/eatigo/5010824_2.jpg",https://maps.app.goo.gl/a66oGhaBhPF87oYh8
สีลม,Western,The Shack Bangkok,เดอะ แช็ค แบงค์คอก,ร้านเบอร์เกอร์และสเต็กโฮมเมดย่านสีลมที่ใช้เนื้อวัวออสเตรเลียคุณภาพเยี่ยมในบรรยากาศเป็นกันเอง,A cozy Silom-based burger and steakhouse famous for its premium Australian beef smash burgers and craft beers.,"https://dynamic-media-cdn.tripadvisor.com/media/photo-o/25/d0/68/79/bangkok-best-burger-served.jpg?w=900&h=500&s=1 
https://lh3.googleusercontent.com/places/AKR5kUhwzY8EXBiLruiQk-FBrZV_-bgGpBfJO9PmnQCTok0LCgyNtaVSVs9jc6gEVmQD8JqBIyZLZGc9RVtWv3b5aNvUwzBi-wyFUiY=s1600-w640 ",https://maps.app.goo.gl/8YPM2Vo4gNxT5i9u8
สีลม,Thai,BIB: Break in Bangkok,บีไอบี: เบรก อิน แบงค์คอก,คาเฟ่และร้านอาหารกึ่งบาร์ในย่านบางรักที่โดดเด่นด้วยการตกแต่งสไตล์ลอฟท์ ให้บริการทั้งกาแฟคุณภาพดีและอาหารนานาชาติในบรรยากาศที่ผ่อนคลาย,"A stylish loft-style cafe and bistro in Bang Rak, offering quality coffee and a variety of international dishes in a relaxed, casual atmosphere.","https://media.timeout.com/images/106089478/750/422/image.jpg

https://media.timeout.com/images/106089477/image.jpg",https://maps.app.goo.gl/EksRbinEs5prfGrx9
สีลม,Western,Babyccino Mahanakhon,เบบี้ชิโน่ มหานคร,คาเฟ่สุดชิคสาขาใหม่ในตึกมหานคร คิวบ์ ที่โดดเด่นด้วยเมนูบรันช์ฟิวชั่นและกาแฟพรีเมียมในบรรยากาศการตกแต่งที่สวยงามและทันสมัย,"A chic brunch spot at Mahanakhon Cube featuring creative fusion dishes and premium coffee in a stylish, contemporary atmosphere.","https://lh3.googleusercontent.com/gps-cs-s/AHVAweo_OVXahg6iZET7otatFKmkV3y_FMTrkx1olbTSNNL-JvuBnG5ie1SYU9SNL3KtDHodD2Fnip_lHOYAeXQzFtr_Tl-1AoWwnsD6WUbxoOtZd6LC9yvY3dp87UOfjXQMQz5f-Rl8HCQQ6YUy=s1360-w1360-h1020-rw

https://lh3.googleusercontent.com/gps-cs-s/AHVAwepjhgJAavL8zRAjO_Kl_N5gav5zEvtODhb9pvHwcnFo3d0OfQuq1SIRPbsuIyBvqVuyKqHcfs-5NfuNVQb_XuP8O1DtZ4wfIBRNg--7weeafOkgUQRXVYSnuppAIWRwcr-cqti_-AHi_miU=s1360-w1360-h1020-rw",https://maps.app.goo.gl/YyDGucvTxTFsoygk7
สีลม,Western,XII Bistro & Bar,สิบสอง บิสโทร แอนด์ บาร์,ร้านอาหารและบาร์บรรยากาศดีที่เสิร์ฟอาหารสไตล์บิสโทรหลากหลายเมนู พร้อมเครื่องดื่มครบครัน เหมาะสำหรับการสังสรรค์ในบรรยากาศที่เป็นกันเอง,"A cozy bistro and bar offering a diverse menu of comfort food and a wide selection of drinks, perfect for social gatherings in a relaxed setting.","https://dynamic-media-cdn.tripadvisor.com/media/photo-o/32/10/ca/5e/xii-french-bistro-bar.jpg?w=900&h=500&s=1

https://dynamic-media-cdn.tripadvisor.com/media/photo-o/32/10/ca/5d/xii-french-bistro-bar.jpg?w=900&h=500&s=1",https://maps.app.goo.gl/A8TbA4Mb61sojAho6
สีลม,Western,Opus The Italian Wine Bar & Restaurant,โอปุส อิตาเลียน ไวน์ บาร์ แอนด์ เรสเตอรองต์,ร้านอาหารอิตาเลียนระดับพรีเมียมบนถนนปั้นที่ขึ้นชื่อเรื่องพาสต้าเส้นสดและคอลเลกชันไวน์ชั้นเลิศในบรรยากาศหรูหราคลาสสิก,A high-end Italian restaurant on Pan Road renowned for its authentic homemade pasta and an extensive collection of fine wines in an elegant setting.,"https://dynamic-media-cdn.tripadvisor.com/media/photo-o/2a/8e/82/98/opus-restaurant.jpg?w=900&h=500&s=1

https://img.wongnai.com/p/400x0/2019/08/05/0ce4ae68da9245c88e383e5508fe5d15.jpg",https://maps.app.goo.gl/xufAzgUzQiAeiiSs9
สีลม,Western,Lo Strabacco,โล สตราบัคโค,ร้านอาหารอิตาเลียนดั้งเดิมในซอยคอนแวนต์ที่เน้นรสชาติต้นตำรับแบบโฮมเมด โดยเฉพาะเมนูพิซซ่าเตาถ่านและบรรยากาศที่อบอุ่นเหมือนทานข้าวในอิตาลี ,"An authentic Italian eatery in Soi Convent specializing in traditional homemade recipes and wood-fired pizzas with a warm, welcoming vibe.","https://dynamic-media-cdn.tripadvisor.com/media/photo-o/2e/8b/fa/9b/caption.jpg?w=1200&h=1200&s=1

https://lh3.googleusercontent.com/gps-cs-s/AHVAwep03iB6JoEca4psstTyeG4ZdJnLl9pc4akb25SDwhtRzWyFfnV61MfQAMtnIa8MHtE9a2tvsj9oXevgM2GFDLZuTMyJCLRrgSaQCcaUexqkfQqWk1oD_9aV7U1JkqL4_snYsoecSw=s1360-w1360-h1020-rw",https://maps.app.goo.gl/2ohEoiHskSmatb9C9
สีลม,Thai,Baan Somtum Sathorn,บ้านส้มตำ สาขาสาทร,ร้านอาหารอีสานชื่อดังที่การันตีความอร่อยด้วยคุณภาพวัตถุดิบและรสชาติส้มตำที่เป็นเอกลักษณ์ ท่ามกลางบรรยากาศบ้านไม้เก่าที่ร่มรื่นและสะอาดตา,"A renowned Isan restaurant famous for its authentic flavors and high-quality ingredients, set in a charming and airy traditional wooden house.","https://dynamic-media-cdn.tripadvisor.com/media/photo-o/0d/b9/8f/ad/baansomtum.jpg?w=500&h=-1&s=1

https://baansomtum.com/wp-content/uploads/facebook-cover-signature-baan-somtum.jpeg",https://maps.app.goo.gl/Z76yHroAe2hFktKd9
สีลม,Thai,ร้านอาหารบ้านเชียง,Baan Chiang Restaurant ,ร้านอาหารไทยต้นตำรับในบ้านไม้เก่าแก่บรรยากาศร่มรื่นย่านสีลม เสิร์ฟเมนูไทยดั้งเดิมรสชาติละเมียดละไมที่ได้รับการแนะนำในมิชลินไกด์,"An authentic Thai restaurant set in a charming historic wooden house in Silom, serving traditional recipes and delicate flavors recognized by the Michelin Guide.","https://cdn-th.orstatic.com/userphoto/doorphoto/0/E/0002XMA9F544D66AF7B13Fmx.jpg

https://dynamic-media-cdn.tripadvisor.com/media/photo-o/2a/be/70/79/caption.jpg?w=900&h=500&s=1",https://maps.app.goo.gl/2QhUw9jTG4Fv5cj46
สีลม,Thai,ข้าวต้มกุ๊ยรวยมิตร สาทร 10,RUAY MITR Sathorn 10,ร้านข้าวต้มกุ๊ยยกระดับในซอยสาทร 10 ที่นำเสนอเมนูอาหารไทย-จีนยอดนิยมด้วยวัตถุดิบคุณภาพดีในบรรยากาศร่วมสมัยและสนุกสนาน,"A trendy boiled rice eatery in Sathorn Soi 10 serving elevated Thai-Chinese comfort food with premium ingredients in a vibrant, contemporary setting.","https://lh3.googleusercontent.com/p/AF1QipOD_S0T5C_Aasqbk9k3GwSp7j8V3NkTBdyXrEcx=s1360-w1360-h1020-rw

https://lh3.googleusercontent.com/gps-cs-s/AHVAwepdnEu4Y6GhUoD-5aZ89VjW6kGAJeokWJnh_Z1LKhnZ5JtTvENcimabh_mlR82M6yjoEVKGp5YLk-chcu9PbXFkweXH4Co6CE_83TblZ-IKczWWOHtIWk-zvfY8P669_INH754bPNNsMBz1=s1360-w1360-h1020-rw",https://maps.app.goo.gl/8pZVWaaqDTYxE8aD8
สีลม,Thai,SOI Bangkok Restaurant,ซอย แบงค์คอก,ร้านอาหารร่วมสมัยที่โดดเด่นด้วยการนำเสนออาหารไทยในรูปแบบใหม่ที่เน้นวัตถุดิบท้องถิ่นและบรรยากาศการตกแต่งที่ทันสมัย,A contemporary restaurant offering a modern twist on Thai cuisine with a focus on local ingredients and a stylishly designed interior.,"https://dynamic-media-cdn.tripadvisor.com/media/photo-o/30/4c/2b/e8/soi-restaurant.jpg?w=900&h=500&s=1

https://cdn.myfunnow.com/imgs/product/album/resize_H1A1626_3d5ead.jpg",https://maps.app.goo.gl/wmmGPTkYX1fY97V76
สีลม,Western,Le Café des Stagiaires - Bangkok,เลอ คาเฟ่ เดส์ สตาเจียร์ - แบงค์คอก,บิสโทรและบาร์สไตล์ยุโรปในซอยสาทร 12 ที่มีบรรยากาศคึกคักและเป็นกันเอง เหมาะสำหรับการนั่งจิบเครื่องดื่มและทานอาหารยุโรปจานง่ายๆ,"A lively European-style bistro and bar in Sathorn Soi 12, offering a relaxed vibe perfect for casual drinks and classic European comfort food.","https://dynamic-media-cdn.tripadvisor.com/media/photo-o/2d/2f/dc/6b/le-cafe-des-stagiaires.jpg?w=900&h=500&s=1

https://siam2nite.media/qPYYmA2UqrMBh_rpBSzLd9M9O-k=/1280x720/smart/locations/1201/cover_large_p1bt9cpiop1jv0eb3j3m19js1mg5.jpg",https://maps.app.goo.gl/svGqS5hj2hAGxLAB9
สีลม,Western,Kai New Zealand,ไค นิวซีแลนด์,ร้านอาหารสไตล์นิวซีแลนด์ย่านสาทรที่เน้นวัตถุดิบนำเข้าสดใหม่ โดยเฉพาะเมนูสเต็ก เนื้อแกะ และพายโฮมเมดในบรรยากาศอบอุ่น,"An authentic Kiwi-style restaurant in Sathorn focusing on fresh imported ingredients, famous for its steaks, lamb dishes, and homemade pies.","https://dynamic-media-cdn.tripadvisor.com/media/photo-o/12/6a/a8/f4/kai-new-zealand-restaurant.jpg?w=900&h=500&s=1

https://dynamic-media-cdn.tripadvisor.com/media/photo-o/0d/c2/ec/59/foods.jpg?w=900&h=500&s=1",https://maps.app.goo.gl/TSG2sRhNXGXYp3BV9
สีลม,Thai,The House on Sathorn,เดอะ เฮาส์ ออน สาทร,คฤหาสน์หรูสไตล์โคโลเนียลใจกลางสาทรที่ให้บริการอาหารฟิวชั่นร่วมสมัยและชายามบ่ายในบรรยากาศที่สวยงามและคลาสสิกที่สุดแห่งหนึ่งในกรุงเทพฯ,A stunning colonial mansion in the heart of Sathorn offering exquisite modern fusion cuisine and afternoon tea in one of Bangkok's most iconic historic settings.,"https://dynamic-media-cdn.tripadvisor.com/media/photo-o/0a/f3/99/19/the-house-on-sathorn.jpg?w=900&h=500&s=1

https://www.bkkmenu.com/files/2015/08/The-House-on-Sathorn-House-on-Sathorn-2.jpg",https://maps.app.goo.gl/W6neGat1HedqaJz2A
สีลม,Western,La Dotta Pasta Bar,ลา ด็อตต้า พาสต้า บาร์,พาสต้าบาร์สีฟ้าสดใสย่านสีลมที่เชี่ยวชาญด้านพาสต้าเส้นสดทำมือหลากหลายรูปแบบตามสูตรอิตาเลียนแท้ๆ,"A vibrant turquoise-colored pasta bar in Silom specializing in authentic, handcrafted fresh pasta made daily using traditional Italian techniques.","https://media.timeout.com/images/105768499/image.jpg

https://www.bkkmenu.com/files/2017/06/La-Dotta-La-Dotta-36.jpg",https://maps.app.goo.gl/16pNSbacw9tscnGB8
สีลม,Western,Marco Polo,มาร์โค โปโล,ห้องอาหารนานาชาติบรรยากาศสบายๆ ที่เสิร์ฟเมนูอาหารหลากหลาย ตั้งแต่อาหารเอเชียไปจนถึงตะวันตก พร้อมบริการที่น่าประทับใจ,A casual international restaurant serving a wide variety of dishes from Asian favorites to Western classics in a friendly and welcoming atmosphere.,"https://img.wongnai.com/p/400x0/2024/10/29/d93bc5beed244e0a8bf921695d9d81d4.jpg

https://cdn-th.orstatic.com/userphoto/doorphoto/8/6J0/01AF5HB5480FD6CF8FB4C3mx.jpg",https://maps.app.goo.gl/DPCc9TqGhGZoi7fa8
สีลม,Thai,Lon Lon Local Diner,ลอนลอน โลคอล ไดเนอร์,ร้านอาหารบรรยากาศโมเดิร์นที่เสิร์ฟเมนูข้าวต้มและอาหารไทยจานเดียวรสชาติคุ้นเคยแต่ยกระดับด้วยการจัดจานและวัตถุดิบที่ดี,A modern diner serving elevated Thai boiled rice sets and classic local comfort food in a stylish and cozy environment.,"https://www.bkkmenu.com/files/2019/04/LONLON-7.jpg

https://lh3.googleusercontent.com/p/AF1QipMGnFIl9i42l25bXlQmVCk9ayGY87PMGsWUQ31v=s1360-w1360-h1020-rw",https://maps.app.goo.gl/r13oHUJw323x41mw6
สีลม,Vegan,Veganerie Silom,วีแกนเนอรี สีลม,คาเฟ่อาหารวีแกนชื่อดังที่พิสูจน์ว่าอาหารจากพืชก็อร่อยได้ มีทั้งเมนูอาหารคาวและเบเกอรี่เพื่อสุขภาพในบรรยากาศผ่อนคลาย,"A popular vegan cafe proving that plant-based food is delicious, offering a wide range of healthy savory dishes and decadent desserts in a relaxed setting.","https://img.wongnai.com/p/1920x0/2019/02/10/42bd74067fdf4c36800e35c4da1e2b94.jpg

https://images.hungryhub.com/uploads/review_photo/photo/306848/1000089838.jpg",https://maps.app.goo.gl/69Q6QszeGaCbForN6
สีลม,South Asian,BDESI,บีเดซี,ร้านอาหารอินเดียสมัยใหม่ที่นำเสนออาหารอินเดียรสชาติต้นตำรับผ่านการตกแต่งที่ทันสมัยและบรรยากาศที่เหมาะกับการสังสรรค์,A modern Indian restaurant serving authentic flavors with a contemporary presentation in a stylish and vibrant atmosphere.,"https://dynamic-media-cdn.tripadvisor.com/media/photo-o/32/36/78/71/caption.jpg?w=900&h=500&s=1

https://img.wongnai.com/p/400x0/2023/06/07/5c3a110c2a924385bb6765fccd7aad26.jpg",https://maps.app.goo.gl/NoHQg2h6aRLrwwP88
สีลม,Chinese,Mott32,ม็อตเทอร์ตี้ทู,ห้องอาหารจีนกวางตุ้งระดับโลกในตึกมหานคร โดดเด่นด้วยเมนูเป็ดปักกิ่งและติ่มซำระดับพรีเมียมในบรรยากาศที่หรูหราและร่วมสมัย,"A world-renowned Cantonese restaurant at King Power Mahanakhon, famous for its signature apple wood-roasted Peking duck and premium dim sum.","https://dynamic-media-cdn.tripadvisor.com/media/photo-o/28/66/be/0a/mott-32-bangkok-s-dining.jpg?w=900&h=500&s=1

https://media.timeout.com/images/105918750/750/422/image.jpg",https://maps.app.goo.gl/seYS7BSWfXyCTK6m8
สีลม,Japanese,Teppen Sathorn,เทปเป็น สาทร,ร้านอิซากายะสไตล์ญี่ปุ่นที่เน้นความสนุกสนานและมีชีวิตชีวา โดดเด่นด้วยเมนูย่างฟางและวัตถุดิบสดใหม่จากญี่ปุ่น,A lively Japanese izakaya known for its energetic atmosphere and traditional straw-fire cooking featuring fresh seasonal ingredients.,"https://www.bkkmenu.com/files/2018/05/TEPPEN-3.jpg

https://teppenthailand.co.th/wp-content/uploads/2021/07/img-branch-teppen-01.jpg",https://maps.app.goo.gl/xLCu3DHx8bW6a19o9
สีลม,Japanese,EGAO Izakaya,เอกาโอะ อิซากายะ,ร้านอิซากายะบรรยากาศอบอุ่นย่านสาทร-นราธิวาส ที่เสิร์ฟเมนูอาหารญี่ปุ่นยอดฮิตและเครื่องดื่มหลากหลาย เหมาะสำหรับการมาสังสรรค์หลังเลิกงาน,"A cozy Japanese izakaya in the Sathorn-Naradhiwas area, serving popular Japanese dishes and a variety of drinks, perfect for after-work gatherings.","https://img.wongnai.com/p/400x0/2024/08/26/d8a113542f274af788c81d5e1b395cbd.jpg

https://img.wongnai.com/p/1920x0/2024/09/24/d4d8e49187894cab91667f2359a191ef.jpg",https://maps.app.goo.gl/tzzZodWqfmWt3epX7
สีลม,Japanese,Terra Sathon,เทอร์รา สาทร,ร้านอาหารและบาร์สไตล์เมดิเตอร์เรเนียนสุดหรูที่เน้นวัตถุดิบพรีเมียมและการตกแต่งที่สวยงาม เหมาะสำหรับมื้อค่ำสุดพิเศษ,"An upscale Mediterranean restaurant and bar in Sathorn focusing on premium ingredients and elegant decor, ideal for a special dinner.","https://img.wongnai.com/p/1920x0/2023/08/07/e85298bb1217498b921ae233476bd1ad.jpg

https://img.wongnai.com/p/400x0/2023/08/07/036583ab8cb04ba5bf6df4f75aaceaa3.jpg",https://maps.app.goo.gl/WLepGFhHxHRpZebY6
สีลม,Japanese,Izakaya Hotei at Sathorn12,อิซากายะ โฮเทอิ สาขาสาทร 12,ร้านอาหารญี่ปุ่นสไตล์อิซากายะในซอยสาทร 12 ที่ขึ้นชื่อเรื่องบรรยากาศสนุกสนาน อาหารอร่อยราคาเข้าถึงง่าย และบริการที่เป็นกันเอง,"A fun and lively Japanese izakaya in Soi Sathorn 12, known for its affordable tasty dishes and friendly service.","https://lh3.googleusercontent.com/p/AF1QipPITMNDT8MP7w97WrYIgoH7kK4mCRqrtU-tL5UI=s1360-w1360-h1020-rw

https://lh3.googleusercontent.com/p/AF1QipNdGmccJG-om1KNssmVagPWDxpiC7sI_zOlxCRU=s1360-w1360-h1020-rw",https://maps.app.goo.gl/z4Stmb4ERfXSFnrH7
สีลม,Japanese,Hokkaido Genshiyaki,ฮอกไกโด เกนชิยากิ,ร้านอาหารญี่ปุ่นที่เชี่ยวชาญการย่างสไตล์โบราณด้วยถ่านไม้ ทำให้วัตถุดิบจากฮอกไกโดมีกลิ่นหอมและรสชาติที่เป็นเอกลักษณ์,"A Japanese restaurant specializing in ancient charcoal-grilling, bringing out the unique flavors of fresh Hokkaido ingredients.","https://img.wongnai.com/p/400x0/2024/11/12/0e7249ac3f7d45be8c05d81e32c7fee8.jpg

https://img.wongnai.com/p/400x0/2024/11/12/48f8dc2060c54c4aaadad2664489cfa9.jpg",https://maps.app.goo.gl/favcXhasAv425Sux7
สีลม,Thai,Samrub Samrub Thai,สำรับสำหรับไทย,ร้านอาหารไทยสไตล์ไฟน์ไดนิ่งที่นำเสนอเมนูอาหารไทยหายากและดั้งเดิมผ่านการตีความใหม่ด้วยความปราณีต,An exclusive Thai fine-dining restaurant presenting rare and traditional recipes through sophisticated interpretation.,"https://www.panasm.com/wp-content/uploads/2025/04/Samrub-Samrub-Thai-1.jpg

https://axwwgrkdco.cloudimg.io/v7/__gmpics3__/91da59fb44ec42308b25a77a293632bc.jpeg",https://maps.app.goo.gl/PZpnzWuxQKyeBDJ27
สีลม,Western,90GRAMS,ไนน์ตี้กรัมส์,ร้านเบอร์เกอร์และอาหารตะวันตกที่เน้นความพิถีพิถันในทุกขั้นตอน โดยเฉพาะเนื้อคุณภาพดีและการจัดจานสมัยใหม่,A meticulously crafted burger and Western eatery focusing on high-quality meats and contemporary presentation.,"https://www.bkkmenu.com/files/2025/04/90Grambkk-1.jpg

https://dynamic-media-cdn.tripadvisor.com/media/photo-o/2e/55/b4/fc/90-grams-homemade-pizza.jpg?w=900&h=500&s=1",https://maps.app.goo.gl/Njv6Hhd9fZ1kq6Nd6
สีลม,Western,kasnäsbkk,คาสนาส,ร้านอาหารสไตล์นอร์ดิกในสาทรที่เสิร์ฟเมนูแนวคอมฟอร์ตฟู้ดในบรรยากาศมินิมอลและโปร่งสบาย,"A Nordic-inspired restaurant in Sathorn serving clean, comforting flavors in a minimalist atmosphere.","https://lh3.googleusercontent.com/p/AF1QipMEN6XrOS7NMST9GaZewLaYiOFMDNXY8xnGUKTZ=s1360-w1360-h1020-rw

https://lh3.googleusercontent.com/gps-cs-s/AHVAweoFFlqSqjhc8_ZDsVf0J-XViiw656QoqaMdQAJmer34YhaxdDeh58O9VFFbUh5ERn8lxgAxkARokyIxL6p1QS-mE9ZoZiB8eHwK4rTRVCOjDb-Ikgrv2E-SIccbfnXww1lXd6X0vsidiEE=s1360-w1360-h1020-rw",https://maps.app.goo.gl/uw6E1BubZbjtRGEN8
สีลม,Japanese,ROUX'S,รูส์,ร้านอาหารฝรั่งเศสร่วมสมัยที่นำเสนอเมนูคลาสสิกผ่านมุมมองที่ทันสมัย โดดเด่นด้วยซอสเข้มข้น,"A contemporary French restaurant presenting classic dishes with a modern twist, known for rich sauces.","https://www.bkkmenu.com/files/2025/08/Roux_s-31.jpg

https://www.panasm.com/wp-content/uploads/2025/06/ROUXS-1.jpg",https://maps.app.goo.gl/hRPKYnRUdrkPi4oR8
สีลม,"Vegan, Healthy",Suananda Vegetarian garden cafe ,สวนนันดา เวจเจเทเรียน การ์เดน,คาเฟ่มังสวิรัติในสวนบรรยากาศเงียบสงบ เสิร์ฟอาหารเพื่อสุขภาพและอาหารอินเดียอายุรเวท,A peaceful vegetarian garden cafe serving healthy homemade dishes and Ayurvedic Indian cuisine.,"https://dynamic-media-cdn.tripadvisor.com/media/photo-o/0f/c1/c5/8a/garden.jpg?w=900&h=500&s=1

https://media.readthecloud.co/wp-content/uploads/2021/03/29175100/suananda-vegetarian-garden-ayurveda-1.webp",https://maps.app.goo.gl/qTaPvRvWLk5E7hKW7
สีลม,Healthy,จี๊หม่าหวู งาดำ,Jee Ma Wu Black Sesame Soup,ร้านขนมหวานสไตล์จีนโบราณที่เชี่ยวชาญเมนูงาดำสกัดสด ทั้งบัวลอยและพุดดิ้ง รสชาติเข้มข้น หอมมัน และไม่หวานจนเกินไป,"A traditional Chinese dessert shop specializing in freshly extracted black sesame treats, offering rich and aromatic sesame soup and puddings.","https://lh3.googleusercontent.com/gps-cs-s/AHVAwepfxAm9MOHsWGC8ZA8KKr5l7uhr9O4YoPWRwonI4F_K1lbgqXj1A2WfM_VBRYvjMoJC-etXZ7FbjcA6DyDGTmljH04J_vZ53qIxQD4jcxPm83T3-aRproBGvX-kz4MABQYTslq1qBi8MSx3=s1360-w1360-h1020-rw

https://lh3.googleusercontent.com/gps-cs-s/AHVAwer5sljh594FQjnVgN_1odg3PohQcEWCuAE0Rm79DpKmNhOGoLZ-n63qqhT4l0W_Fx8uCfd_8R0EdqAo7amcm6yCHejDudRvpdVAtkhva7XHOXrykqgu7wfSKLqSpOr4vsGhXIhsng=s1360-w1360-h1020-rw",https://maps.app.goo.gl/2U8234dd73YgCXEL7
สีลม,Healthy,ร้านเก๋ากลางกรุง,Kao Klang Krung,ร้านอาหารไทยบรรยากาศย้อนยุคที่เน้นเมนูอาหารไทยโบราณรสชาติดั้งเดิมและวัตถุดิบจากแหล่งท้องถิ่นที่คัดสรรมาอย่างดี,A nostalgic Thai restaurant focusing on traditional ancient recipes and carefully selected local ingredients for an authentic taste.,"https://lh3.googleusercontent.com/p/AF1QipNGTy9sKQpq_vAYr88zdmHWl8OfOT2VK_gb7xGb=s1360-w1360-h1020-rw

https://lh3.googleusercontent.com/gps-cs-s/AHVAweoLdD2GERFp7Fz2f4rVythjbkcDtLmv0BR0AHUSfrGavsif7RLk__PDmTUZUMkEMb54AJDACotyM0UYadTTAeMqwUFLm-uf_JN73geAKXW7sr5UKZKu4u1y5ro2t0xcvLncqW6lqg=s1360-w1360-h1020-rw",https://maps.app.goo.gl/3QrFHsYMBDVSc3vcA
สีลม,Healthy,หอมรัญจวน,Hom Run Juan Cuisine,ร้านขนมไทยร่วมสมัยที่ขึ้นชื่อเรื่องรสชาติละเมียดละไม กลิ่นหอมเป็นเอกลักษณ์ และการจัดแต่งที่สวยงาม,"A contemporary Thai dessert shop known for its delicate flavors, signature aromatic scents, and beautifully presented traditional treats.","https://img.wongnai.com/p/1920x0/2024/03/07/42b90d7adf064551be642d6dfd1c1cc6.jpg

https://lh3.googleusercontent.com/p/AF1QipPI8yx-LKt3BtABnyfCh3O2YqJFndQd7jy7bAl9=s1360-w1360-h1020-rw",https://maps.app.goo.gl/rhLvVEN3TFjTxJmg9
สีลม,Healthy,Yoonique House,ยูนิค เฮ้าส์,ร้านอาหารและคาเฟ่บรรยากาศอบอุ่นเหมือนบ้านที่เสิร์ฟเมนูอาหารฟิวชั่นและเครื่องดื่มสูตรเฉพาะของทางร้าน,A cozy home-style restaurant and cafe serving creative fusion dishes and unique signature beverages.,https://lh3.googleusercontent.com/gps-cs-s/AHVAweqzLW7almzN_mf2rvInjPjhgEZSu0Lvcux3kWEznQ0SFIQKLg24O9xk5B07SRQwxf3vCuks2qBmQJ0EoQrMz_UlRvQ8WPkVm6uf9RDUNJrnCnXX-qYpz5HIkqRXnlsHNhqj_Nw2IpAJgFBr=s1360-w1360-h1020-rw,https://maps.app.goo.gl/8xRdqqpTeqVvhnCA9
สีลม,Healthy,Hea Kaew Boran Soup (Since 1994),เฮียแก้ว บะหมี่ฮ่องเต้,ร้านบะหมี่และซุปโบราณระดับตำนานที่เปิดบริการมาตั้งแต่ปี 1994 โดดเด่นด้วยน้ำซุปรสชาติกลมกล่อมและเส้นบะหมี่เหนียวนุ่ม,"A legendary ancient noodle and soup shop since 1994, famous for its flavorful broth and perfectly chewy handmade noodles.",https://img.wongnai.com/p/400x0/2023/07/05/d6c4741ed12148638cbb78e2f8d45ef9.jpg,https://maps.app.goo.gl/LrAwtTvh1YbnJAwP6
,,,,,,,
บางรัก,Thai,คอสามล้อ,Sam Lor,ร้านข้าวต้มกุ๊ยแนวร่วมสมัยที่ยกระดับเมนูพื้นบ้านด้วยวัตถุดิบคุณภาพ ในบรรยากาศกึ่งบาร์ที่สนุกสนาน,"A trendy contemporary boiled rice eatery that elevates local comfort dishes with premium ingredients in a stylish, bar-like atmosphere.","https://lh3.googleusercontent.com/gps-cs-s/AHVAweoLKEzYWUKrsrxU94-VIouXcjB2qctrgPyLHCGrgwfYqVtCJrFQ76ZeN8eZQ_qE7_b1ED9UC2ZCw6H4oeIiPPC1DXqK51OzgaWvahGVQFKAuIehZMsy8MeH99sL5pY3GWOob5kAGlR7ptL6=s1360-w1360-h1020-rw


https://lh3.googleusercontent.com/gps-cs-s/AHVAweq9YA8N6q4bOWKGmNBtQRPOFXJwVPGc1NextXx3z_Fl3EF146hIr8Ti0Rc0vObbXo02XYn9c9kQeNOV6n8ZptICE0nb7ZXKoFMpIAVxeuBSmTEjHxFeQd_0xP_GD8NkGr_Q9e-39aV55G2N=s1360-w1360-h1020-rw",https://maps.app.goo.gl/y6pMRBKyNUpcZ6Z69
บางรัก,Thai,ต๋องเต็มโต๊ะ,Tong Tem Toh,ร้านอาหารพื้นเมืองเหนือชื่อดังจากเชียงใหม่ เสิร์ฟเมนูเหนือแท้รสชาติต้นตำรับ,A famous Northern Thai restaurant from Chiang Mai serving authentic Lanna cuisine in its signature traditional style.,"https://tongtemtohbangkok.com/wp-content/uploads/2025/03/%E0%B8%AB%E0%B8%99%E0%B9%89%E0%B8%B2%E0%B8%A3%E0%B9%89%E0%B8%B2%E0%B8%99-1024x1024.jpg

https://www.ryoiireview.com/upload/article/202405/1715772470_05f9e2e09c01b56e1a217c6caada7cb5.jpg",https://maps.app.goo.gl/S9HgEicZj4ftBVQGA
บางรัก,Western,Oscar &Blanco,ออสการ์ แอนด์ บลังโก,ร้านอาหารและบาร์บรรยากาศดีที่เสิร์ฟอาหารฟิวชั่นหลากหลาย พร้อมค็อกเทลสูตรพิเศษ,"A stylish restaurant and bar offering fusion dishes and specially crafted cocktails in a chic, contemporary setting.","https://www.bkkmenu.com/files/2023/04/Osca_BlancoBarandRestaurant052.jpg

https://www.bkkmenu.com/files/2023/04/Osca_BlancoBarandRestaurant017.jpg",https://maps.app.goo.gl/CVRn2Z1XF4n977mw8
บางรัก,Western,Howler Bar & Grill,ฮาวเลอร์ บาร์ แอนด์ กริลล์,ร้านอาหารริมแม่น้ำเจ้าพระยาที่เน้นเมนูย่างและอาหารนานาชาติ พร้อมดนตรีสด,A riverside restaurant and grill offering international cuisine with Chao Phraya River views and live music.,"https://img.wongnai.com/p/400x0/2022/05/06/13ad2db9b7484b86a3103bc361e9f905.jpg

https://fridaybangkok.com/api/image-proxy?url=https%3A%2F%2Fd1xbecb6qvn9r4.cloudfront.net%2F%2FHowler_Bar_and_Grill_030f55723b.jpg",https://maps.app.goo.gl/fMUghPc5mw4KE4Ky9
บางรัก,Thai,High Tide Eatery & Bar,ไฮด์ ไทด์ อีทเทอรี่ แอนด์ บาร์,ร้านอาหารริมน้ำบรรยากาศโปร่งสบาย เสิร์ฟอาหารไทยและยุโรป เหมาะสำหรับนั่งชิลล์,"An airy riverside eatery and bar serving Thai and European dishes, perfect for evening relaxation.","https://img.wongnai.com/p/1920x0/2023/02/12/be4754a53b5144c79742d5c8f9f73dcb.jpg

https://res.cloudinary.com/eddypisit/image/upload/v1617093211/lv0ndijswwoywxwiznnc.jpg",https://maps.app.goo.gl/PkA2Bv7UZY37ytaD9
บางรัก,Japanese,JUA Izakaya,จู อิซากายะ,ร้านอิซากายะสมัยใหม่ย่านเจริญกรุง โดดเด่นเรื่องเมนูยากิโทริและบรรยากาศเท่,"A modern izakaya in Charoen Krung specializing in premium yakitori in a cool, welcoming space.","https://www.bkkmenu.com/files/2017/11/JUA-JUA-4.jpg

https://www.dooddot.com/wp-content/uploads/2019/05/IMG_7597.jpg",https://maps.app.goo.gl/rdRbCo1io9MAQN3c8
บางรัก,Thai,Jack's Bar,แจ็คส์ บาร์,บาร์ริมน้ำบรรยากาศเป็นกันเอง เหมาะสำหรับชมพระอาทิตย์ตกพร้อมเครื่องดื่มราคาประหยัด,"A rustic riverside bar, popular for sunset drinks with a local vibe and budget-friendly prices.","https://media-cdn.tripadvisor.com/media/photo-m/1280/2f/88/b7/1b/caption.jpg

https://cdn-th.orstatic.com/userphoto/doorphoto/0/7B/001FZ52C3A84A4DF231108lv.jpg",https://maps.app.goo.gl/UabmaNx9ki3n9q3g8
บางรัก,Thai,ร้าน ณ รชา ครัวริมน้ำ 32,Racha Riverside32,ร้านอาหารริมน้ำบรรยากาศเงียบสงบ เสิร์ฟอาหารไทยรสชาติกลมกล่อม เหมาะกับครอบครัว,A private riverside restaurant serving flavorful Thai dishes in a peaceful environment.,"https://lh3.googleusercontent.com/p/AF1QipNT0Qrhq-2XvOrXHkFg5SIEBt7aoxDeyflFVSsB=s1360-w1360-h1020-rw

https://lh3.googleusercontent.com/gps-cs-s/AHVAwerK0bAezh9kk5IKPWDScyBUGXu0nIdHH5d4bZ4taNgpyw0ZCF4bVrFcfjywHTrbu7A3rCIhh1-XkyxzApDthrZirNamVYffzi5sOuKaksry2B9dy9MBfNUYBcy1fLNtxGww0VPwGA=s1360-w1360-h1020-rw",https://maps.app.goo.gl/eJgobF91MjSfgAyN8
บางรัก,Thai,บ้านผัดไท,Baan Phadthai,ร้านผัดไทชื่อดังในบ้านไม้สีฟ้า การันตีด้วยมิชลิน บิบ กูร์มองด์,A Michelin Bib Gourmand-awarded restaurant specializing in unique and intensely flavored Phad Thai.,"https://www.bkkmenu.com/files/2017/04/Baan-Phadthai-Baan-Phadthai-1.jpg

https://www.bkkmenu.com/files/2017/04/Baan-Phadthai-Baan-Phadthai-10.jpg",https://maps.app.goo.gl/ykq4gVb87rjVwSWLA
บางรัก,Thai,มาซาโร่ บูทิค แอนด์ เรสเทอรองท์,Mazzaro Boutique and Restaurant,ร้านอาหารที่ผสมผสานอาหารอิตาเลียนและไทยในบรรยากาศอาร์ตและบูทิค,A boutique restaurant blending Italian and Thai cuisines in an artistic setting.,https://dynamic-media-cdn.tripadvisor.com/media/photo-o/0a/ed/4c/3d/20160417-160746-largejpg.jpg?w=900&h=-1&s=1,https://maps.app.goo.gl/C6gwLga66Za2QT6Q9
บางรัก,Thai,อักษร,Aksorn,ร้านอาหารมิชลินสตาร์ที่รื้อฟื้นเมนูไทยโบราณจากตำราอาหารยุค 1950–1970,A Michelin-starred restaurant reimagining rare Thai recipes from mid-20th century cookbooks.,https://www.bkkmenu.com/files/2020/11/Aksorn-2.jpg,https://maps.app.goo.gl/HQyqBEZgc5cUrdSx5
บางรัก,Thai,80/20 Eighty Twenty,เอ็ทตี้ ทเวนตี้,ร้านอาหารไทยร่วมสมัยระดับมิชลินที่นำเสนอวัตถุดิบท้องถิ่นด้วยเทคนิคสมัยใหม่,A Michelin-starred contemporary Thai restaurant showcasing local ingredients through innovative techniques.,https://www.bkkmenu.com/files/2019/02/80-2018of23.jpg,https://maps.app.goo.gl/3dW5jD7jN96xjNnT9
,,,,,,,
บางรัก,Thai,Harmonique,ฮาร์โมนิค,ร้านอาหารไทยในบ้านเก่าแก่ บรรยากาศร่มรื่น เสิร์ฟอาหารไทยดั้งเดิมยอดนิยม,A classic Thai restaurant in a historic house offering traditional favorites in a cozy setting.,https://img.wongnai.com/p/1920x0/2018/06/02/239715a8251d445ab644e234f113775d.jpg,https://maps.app.goo.gl/EUaNTBBoFHF6VjkQ8
บางรัก,Thai,บ้านส้มตำ สาขาบางรัก,Baan Somtum,ร้านส้มตำชื่อดัง รสชาติมาตรฐาน สะอาด พร้อมอาหารอีสานหลากหลาย,A renowned papaya salad specialist known for hygiene and consistent Isan flavors.,https://dynamic-media-cdn.tripadvisor.com/media/photo-o/19/c5/c9/37/baan-somtum-bangrak.jpg?w=500&h=-1&s=1,https://maps.app.goo.gl/C5o3UHCkgHzincAK8
บางรัก,Western,Cholos Mexican Charoen Krung,โชลอส เม็กซิกัน เจริญกรุง,ร้านเม็กซิกันสตรีทฟู้ด เสิร์ฟทาโก้และเบอร์ริโต้รสชาติต้นตำรับ,A vibrant street-style Mexican joint serving authentic tacos and burritos.,https://lh3.googleusercontent.com/gps-cs-s/AHVAwepVRU5OSaj6pcn8BLUtS6H4UgZ1ef8R7V4-yySeshS9F7JrBgncxnatB74Rg4TkrC0D4j3OwVVYC0Ke4FTL7YY1_8YJ4ascQZ4eaxF8pCWKCWZ4ab4GMmwSN-qkmr8XYtGFJsxx8Hs-fiY=s1360-w1360-h1020-rw,https://maps.app.goo.gl/vPmtdYmozoA7WEax7
บางรัก,Chinese,Breeze,บรีซ,ห้องอาหารเอเชียร่วมสมัยบนดาดฟ้า มอบประสบการณ์หรูพร้อมวิวพาโนรามา,An upscale rooftop Asian restaurant with panoramic city views.,https://dynamic-media-cdn.tripadvisor.com/media/photo-o/18/44/8e/4d/breeze-one-of-the-rooftop.jpg?w=900&h=-1&s=1,https://maps.app.goo.gl/vnXr1ZzUKu1VjYSv8
บางรัก,Western,Cozii Steak and Restaurant,โคซี่ สเต๊ก,ร้านสเต็กบรรยากาศเป็นกันเอง เน้นคุณภาพเนื้อในราคาคุ้มค่า,A cozy steakhouse focusing on quality meat at reasonable prices.,https://lh3.googleusercontent.com/p/AF1QipMUzVn1Q5Rl8XLFbHFPj6l0r4Z3lu8SdLW9UQ6C=s1360-w1360-h1020-rw,https://maps.app.goo.gl/uiJNRizCwKDBpwDd8
บางรัก,Vegan,Broccoli Revolution Charoen Krung,โคซี่ สเต็ก แอนด์ เรสเทอรองท์,ร้านอาหารวีแกนร่วมสมัย เน้นอาหารจากพืชเพื่อสุขภาพและสิ่งแวดล้อม,"A modern vegan restaurant focusing on healthy, eco-friendly plant-based meals.",https://lh3.googleusercontent.com/gps-cs-s/AHVAweqazgOBEAaddu6zf1WDw0K-PXBMbSxCvS1XWEFu-ji4RFB7JHV3oB1DO7EtZ3lO1PEqcxCjVuUFXbksclqVqGYcyBOQNQsTVW87Mc4Eds-Uh2j6SKuxHWwuSBCgUxIcoeDnC0fh=s1360-w1360-h1020-rw,https://maps.app.goo.gl/VEw6rLujdKHygYJe6
บางรัก,Western,André,อองเดร,ร้านอาหารฝรั่งเศสบรรยากาศอบอุ่น เน้นการปรุงแบบดั้งเดิมด้วยวัตถุดิบคุณภาพ,A cozy French eatery focusing on traditional cooking with high-quality ingredients.,https://img.wongnai.com/p/400x0/2025/04/29/2fa13f8fd83347cfa5cb6109263a82df.jpg,https://maps.app.goo.gl/ifGfN2WWBh8Hvser9
บางรัก,Thai,ครัวบ้านบางรัก,Khrua Ban Bang Rak,ร้านอาหารไทยโฮมเมด ขึ้นชื่อเรื่องวัตถุดิบสดและรสชาติจัดจ้าน,A home-style Thai restaurant known for fresh ingredients and bold flavors.,"https://lh3.googleusercontent.com/p/AF1QipNXpk_LREia09FKJE93-jYqjl4OOLmfhnmg-Zw7=s1360-w1360-h1020-rw

https://lh3.googleusercontent.com/gps-cs-s/AHVAwepj5lTGTsVhxhc2FOHqMkdGbDd81DjBx5z0XZAaR7dMCgI7-39q1s0m0QirPQ8Qv2yUelqFQua125bYBrdjAe3mwaM9FFkBFTPjgDZllFrPsNLTbTEGoIv85LdPrLcqFtg-2IpF=s1360-w1360-h1020-rw",https://maps.app.goo.gl/96P3ehiVFvWD1W3B9
บางรัก,Western,Ailati Resto,ไอลติ เรสโต,ร้านอาหารอิตาเลียนยอดนิยม เสิร์ฟพาสต้าและพิซซ่ารสชาติต้นตำรับ,A popular Italian spot serving authentic pasta and pizza.,https://img.wongnai.com/p/1920x0/2022/04/09/b1380d9375f5444089a22090c3623e2f.jpg,https://maps.app.goo.gl/Ux17mmhnQNiZf2KG6
บางรัก,Western,Siam Yacht Club,สยาม ยอชท์ คลับ,ห้องอาหารและบาร์ริมน้ำสุดหรู เน้นอาหารทะเลและค็อกเทลสร้างสรรค์,An elegant riverside restaurant and bar specializing in seafood and creative cocktails.,https://media-cdn.tripadvisor.com/media/photo-m/1280/29/49/57/22/terrace-outdoor-dining.jpg,https://maps.app.goo.gl/bYVZnzbvaCvyvoyg7
บางรัก,Western,Sirocco,สิริคโค,ห้องอาหารดาดฟ้าระดับโลก วิวแม่น้ำเจ้าพระยา 360 องศา,One of the world's most famous rooftop restaurants with breathtaking river views.,https://dynamic-media-cdn.tripadvisor.com/media/photo-o/2a/ea/41/c3/sirocco.jpg?w=900&h=500&s=1,https://maps.app.goo.gl/gLLeURk295wcTUZL9
บางรัก,Vegan,Tien Sin,เทียนซิน,ร้านอาหารจีนมังสวิรัติเก่าแก่ เสิร์ฟอาหารเจรสชาติดั้งเดิม ราคาย่อมเยา,A long-standing Chinese vegetarian restaurant serving traditional plant-based dishes.,https://lh3.googleusercontent.com/p/AF1QipPNeKYFhEDm9Z_nLvupeoh6RRweZzmfCvv_D02O=s1360-w1360-h1020-rw,https://maps.app.goo.gl/HxAa3zbY1N4ndj2d7
บางรัก,Vegan,J Family (Vegan),เจ แฟมิลี่,ร้านอาหารเจและวีแกน เน้นอาหารเพื่อสุขภาพในบรรยากาศเรียบง่าย,A vegan and vegetarian eatery offering carefully prepared healthy dishes.,https://img.wongnai.com/p/1920x0/2022/04/28/69bf60f203464e988f17840cedecca91.jpg,https://maps.app.goo.gl/mmfWjdtAt4yLUGun6
บางรัก,South Asian,Jay Nataraj foods and hotel,เจ นาทาราช,ร้านอาหารอินเดียมังสวิรัติ เน้นรสชาติต้นตำรับอินเดียเหนือ,An Indian vegetarian restaurant focusing on authentic North Indian flavors.,https://dynamic-media-cdn.tripadvisor.com/media/photo-o/23/3f/fa/f8/our-mission-is-to-promote.jpg?w=900&h=500&s=1,https://maps.app.goo.gl/aHscete5CfiMVKQb8
บางรัก,South Asian,Shree Balaji Restaurant,ศรี บาลาจี,ร้านอาหารอินเดียมังสวิรัติที่เชี่ยวชาญอาหารอินเดียตอนใต้,An Indian vegetarian restaurant specializing in South Indian cuisine.,https://lh3.googleusercontent.com/gps-cs-s/AHVAwepuQ9XfXHGGBVxe252Ch5s05wZSvvPULABvTzWw-qcAJUchd44qiFXpyPNF7H8NFJHzZUcioPlXKEN27eAaMKIc4CvJRdRDaLTt9ku5t1GkMMasekOoE5WJEumPl6DzcsoeLOQ=s1360-w1360-h1020-rw,https://maps.app.goo.gl/t8X5yK8eHmEUzEp69
บางรัก,Japanese,Mezzaluna,เมซซาลูน่า,ห้องอาหารมิชลิน 2 ดาว เสิร์ฟอาหารฝรั่งเศสผสานเทคนิคญี่ปุ่น,A prestigious 2-Michelin-starred restaurant combining French cuisine with Japanese techniques.,https://dynamic-media-cdn.tripadvisor.com/media/photo-o/2a/72/21/92/mezzaluna-restaurant.jpg?w=900&h=500&s=1,https://maps.app.goo.gl/Spwz1j7eMRh95SYk7
บางรัก,Western,Italian Bistro - Silvio's Bistro,ซิลวิโอ บิสโทร,ร้านอาหารอิตาเลียนบรรยากาศสบาย เสิร์ฟพิซซ่าและพาสต้าแบบบิสโทร,A casual Italian bistro serving classic pizza and pasta.,https://media-cdn.tripadvisor.com/media/photo-m/1280/1a/97/75/18/live-sports-channel-nice.jpg,https://maps.app.goo.gl/ocuSqrEpHMYFQ2tE8
บางรัก,Thai,Irvin Brew and Beat,เออร์วิน บรูว์ แอนด์ บีท,ร้านอาหารและบาร์คราฟต์เบียร์ บรรยากาศสนุก เหมาะสำหรับสังสรรค์,A lively craft beer bar and restaurant with live music and comfort food.,https://images.hungryhub.com/uploads/hh_package/package/party_pack/cover_image/17567/251027_IRVIN9600.jpg,https://maps.app.goo.gl/QVNvSPKL8saWsPir9
บางรัก,Japanese,Hanaya 1976,ฮานาย่า 1976,หนึ่งในร้านอาหารญี่ปุ่นที่เก่าแก่ที่สุดในกรุงเทพฯ รักษามาตรฐานดั้งเดิม,"One of Bangkok's oldest Japanese restaurants, preserving classic flavors since 1976.",https://lh3.googleusercontent.com/p/AF1QipMFVwdVioQSmVEP7ro1zGCIglljqA94a6OQ-0a8=s1360-w1360-h1020-rw,https://maps.app.goo.gl/fubRdrDH6Ek96cPM6
,,,,,,,
สุริยวงศ์,Chinese,ขาหมูเจริญแสงสีลม,"Charoen Saeng Silom",ร้านขาหมูระดับตำนานที่ได้รับรางวัลมิชลิน บิบ กูร์มองด์ โดดเด่นด้วยขาหมูเคี่ยวเปื่อยนุ่มและน้ำพะโล้รสเข้มข้น,A legendary Michelin Bib Gourmand-awarded spot famous for tender braised pork trotter in rich aromatic gravy.,"https://image.thepeople.co/uploads/images/md/2022/12/LoCfvwd29sRBD9QEvkDF.webp 

https://capitalread.co/wp-content/uploads/2022/04/1615211690618-725x1024.jpeg ",https://maps.app.goo.gl/9oyJp6BGpju2Dg7R8
สุริยวงศ์,Chinese,สมบูรณ์โภชนา,Somboon Seafood,ร้านอาหารทะเลระดับตำนาน ต้นตำรับปูผัดผงกะหรี่รสชาติเข้มข้นเป็นเอกลักษณ์,A legendary seafood institution and original creator of the famous fried curry crab.,"https://lh3.googleusercontent.com/gps-cs-s/AHVAwepBfMycAXH9oEx-A93tq6VE5FGRRIOsVS3gXiMVtMnuvXTgzFLhadohuHifmDiPth7wJnGs7RlY6ZGikywVlDRH4kl1MkrBl0-1tzpBLaRsArcbLyjiW1zLDAq3v6TeNF6XB-XQHwyV7TgN=w408-h271-k-no 

https://lh3.googleusercontent.com/gps-cs-s/AHVAwepAC8wXS--oEkXMOZdFcm4YBPYMrbtdSaA9iRLZ1bVZbHbOeXKyQmYfgyD8bBpy81igrBSA7qX868WSQDGQs1jPiOtln8kxexuCogWzZN06jQqs6E9T9RXyV60sba5vYEBdBEYchx1qrDU4=w140-h140-p-k-no ",https://maps.app.goo.gl/QzT9zGQevSgUP8ok7
สุริยวงศ์,Chinese,บุญโภชนา,Boon Restaurant,ร้านอาหารจีนกวางตุ้งย่านสีลม ขึ้นชื่อเรื่องอาหารจานด่วนรสจัดและผักผัดสดกรอบ,A popular Cantonese-style eatery in Silom known for flavorful stir-fries and crispy vegetables.,https://img.wongnai.com/p/1920x0/2021/02/08/d8b41c0f5da14a90b92dae31f57aebd3.jpg,https://maps.app.goo.gl/tgCT2qWAFoQLvEms6
สุริยวงศ์,Japanese,YAKINIKU JOENG,ยากินิกุ โจเอ็น,ร้านปิ้งย่างญี่ปุ่นพรีเมียม เน้นเนื้อคุณภาพเยี่ยมและการบริการที่ใส่ใจ,A premium Japanese yakiniku restaurant focusing on high-quality beef and attentive service.,https://lh3.googleusercontent.com/gps-cs-s/AHVAweq9gfGg5HHHowugScQvZGYe9pGt-uL-G4GciklamsH2kAvdWc3s8_7d5yzXNRNwA82TIcMqUehdEKSoJkaCD3OmBV3H3WZO3vDHF1RfsZ1zzYjD3I4f2j5DDiTueRuD48HS_jI=w215-h280-p-k-no ,https://maps.app.goo.gl/wfkN13dyMX5pvKhk7
สุริยวงศ์,Chinese,ภัตตาคารเสฉวน,Sichuan Restaurant Silom,ร้านอาหารจีนเสฉวนรสชาติต้นตำรับ โดดเด่นด้วยความเผ็ดร้อนแบบหม่าล่า,"An authentic Chinese restaurant specializing in bold, spicy Sichuan mala flavors.",https://img.wongnai.com/p/400x0/2020/10/29/923942e9147646abadc3780ef8898224.jpg ,https://maps.app.goo.gl/gGUNmZcN2XRJDFde6
สุริยวงศ์,Japanese,ไดมาซึ,Daimasu,ร้านอิซากายะญี่ปุ่นย่านสีลม โดดเด่นเมนูปิ้งย่างถ่านและบรรยากาศอบอุ่น,A cozy Japanese izakaya in Silom specializing in charcoal-grilled dishes.,https://img.wongnai.com/p/1920x0/2021/02/22/c8b170f12c604968a3ccf3fb5ec8a0d9.jpg ,https://maps.app.goo.gl/1qZ9hMALBqW9vgoL6
สุริยวงศ์,Thai,Mama Mia,มาม่า มีอา,ร้านอาหารอิตาเลียนบรรยากาศเป็นกันเอง เสิร์ฟพาสต้าและพิซซ่าโฮมเมด,A friendly Italian restaurant serving traditional homemade pasta and pizza.,https://lh3.googleusercontent.com/gps-cs-s/AHVAwepIWQO4RVjBEONMWSS1cQhRM_MsXNCZLqraiXHKyUJHM5mVefsTIteqs1qIQqwZ43QAOE0_sRcrUW2te1smQdg6Ck1wqCHHousU-bKreJnjXwmNyBVCTdZIXA9m8GR2TixGio6lbg=w215-h280-p-k-no ,https://maps.app.goo.gl/rhUHTythCkEQKyNz5
สุริยวงศ์,Western,Bangrak Grill,บางรัก กริลล์,ร้านอาหารดาดฟ้าบรรยากาศดี เน้นเมนูย่างพร้อมวิวเมืองบางรัก,A rooftop eatery offering grilled dishes with Bang Rak city views.,https://image.kkday.com/v2/image/get/c_fit%2Cq_55%2Ct_webp%2Cw_960/s1.kkday.com/product_281127/20250328071809_722ST/png ,https://maps.app.goo.gl/9Mm6TtKkaucHszCN6
สุริยวงศ์,South Asian,Grilled Town,กริลล์ ทาวน์,ร้านบาร์บีคิวสบายๆ รวมเมนูเนื้อย่างหลากหลาย เหมาะสำหรับสังสรรค์,A casual BBQ and grill spot perfect for relaxed social gatherings.,https://lh3.googleusercontent.com/p/AF1QipMsVpg9VlPiF_jrj1jsOMwoT1zFs5waNFNselvc=w215-h280-p-k-no ,https://maps.app.goo.gl/iPf5SqAhjaivWNZt5
สุริยวงศ์,"Halal, South Asian",Habibi Restaurant Halal Food,ฮาบีบี เรสเตอรองต์,ร้านอาหารฮาลาล เสิร์ฟอาหารตะวันออกกลางและอาหรับรสชาติต้นตำรับ,An authentic Halal restaurant serving Middle Eastern and Arabic specialties.,https://lh3.googleusercontent.com/gps-cs-s/AHVAweqO0y80hUuP_DcYYLY2vw9j-H8fIEicGtlxLf1JqHQqcRMROmTnpsqHNUTJZIiwFzZuniVKdf_K17tI3Eaqwov6FsZ2puTZjkb3RbicztknSe8nnWhyyeSlDcPjKTKy5u5eBUhQ=w215-h280-p-k-no ,https://maps.app.goo.gl/W8MbztfPgi5KWMP38
สุริยวงศ์,South Asian,Ariya Indian Food Bangkok,อริยะ อินเดียน ฟู้ด,ร้านอาหารอินเดียย่านบางรัก เสิร์ฟแกงและนานรสชาติดั้งเดิมราคาย่อมเยา,A Bang Rak-based Indian eatery offering authentic curries and freshly baked naan.,https://encrypted-tbn0.gstatic.com/images?q=tbn:ANd9GcTzUByTeLFqfgU3Y1uDxAAJ0UIQWwsmn5-Tpg&s ,https://maps.app.goo.gl/yTNjwGYkyfnD55wZ8
สุริยวงศ์,Thai,Terrace,เทอเรสซ์ เดอ บางกอก (อาคารสีลม ทาวเวอร์),ห้องอาหารบรรยากาศผ่อนคลาย เสิร์ฟอาหารไทยและนานาชาติ เหมาะกับครอบครัว,"A relaxed dining venue serving Thai and international dishes, ideal for groups.",https://lh3.googleusercontent.com/gps-cs-s/AHVAweoYFYa1-kuEeBDd3RMBKYeunSp05nYEB7khMpFyjIjz0ZK9eTXsxKIJVt2qGc64kDI01J8i-1Ui8YmqEejMRGVYmfo9te_378Qfm4JCmcPEIXrxO_azyoAsgZkyESnf5708BRvHsQ=w408-h305-k-no ,https://maps.app.goo.gl/bxZjvKVeNnvD8Yjn6
สุริยวงศ์,Thai,@surawong Restaurant,@สุรวงศ์ เรสเตอรองต์,ร้านอาหารไทย-นานาชาติบนถนนสุรวงศ์ เมนูทานง่ายรสกลมกล่อม,A contemporary restaurant on Surawong Road serving Thai and international comfort food.,https://lh3.googleusercontent.com/gps-cs-s/AHVAweoMDDMDvI_1_gmxReDAMC6KrEg7B8jp88bqZ8IkCdq1s9O1j8PlAXYfF4qBbWw_UX03tqvV2sGA_PEYAhwJVHkJjOl112VNQb_ucVireF5Pach2JUK2F-Tysv2OiEwyfyPnEEU=w215-h280-p-k-no ,https://maps.app.goo.gl/61uyBrVoUQxeKf7n7
สุริยวงศ์,Chinese,Boon Restaurant,บุญ เรสเตอรองต์,ร้านอาหารที่เน้นวัตถุดิบสดใหม่ เมนูหลากหลาย บริการประทับใจ,A restaurant focused on fresh ingredients and a diverse menu.,https://lh3.googleusercontent.com/geougc-cs/ABOP9pvRo-iCOqRD72JNUXYEjXUwzLWWUKrai3cVKHWgx3oTkLoUKv6Q7o-PHiC3W_hnWlmSnWP_bv1-mrK1i_1zaadSbFGcabXLr9n3vYwxLvoEVp1wfGi9zUGvAypvwqqWco-p8DhfL4alaN3H=w253-h336-p ,https://maps.app.goo.gl/6JoKPFedGpvQrToZA
สุริยวงศ์,Western,25 Degrees Burger Bar,25 ดีกรีส์ เบอร์เกอร์ บาร์,ร้านเบอร์เกอร์อเมริกันระดับพรีเมียม เปิด 24 ชม. เบอร์เกอร์ปรับท็อปปิ้งได้,A 24-hour upscale American burger bar with gourmet customizable burgers.,https://lh3.googleusercontent.com/geougc-cs/ABOP9pvL95fiY3_36C1j_co8JgUiW8js32R7Su4r9emWJUCG03zPsqEjrX_AlmXCJFATRN1PhCg1Zsn2B-MI-hDSw9x646M_TF_uFtCAJOQciIkTjkZY2aE1EI6qMDa5Tw5dXH3Cdyx5MA=w598-h336-p ,https://maps.app.goo.gl/jCrzbz2MKcCJMBcs5
สุริยวงศ์,Western,Buddy’s Bar and Grill (Silom),บัดดี้ บาร์ แอนด์ กริลล์ สาขาสีลม,บาร์และร้านอาหารตะวันตกยอดนิยม เสิร์ฟเบอร์เกอร์ สเต็ก และอาหารผับ,A popular Western bar and grill in Silom serving pub classics.,https://lh3.googleusercontent.com/geougc-cs/ABOP9ptHbZeVaWH1jJew3_2MVPLJLBFY1cF4CnY2fv33vZSiJLXm8Crj-4P9l3MPHiUnorpsXU5niXrNXu5G75z0lj3GVf2IFwPli25fXBaCyMB7j2i-4L4garSCLLd8XxfnCDz1y32-=w448-h336-p,https://maps.app.goo.gl/HaiKDKx2bJwVb8dk8
สุริยวงศ์,"Thai, Chinese",CHUi silom19 (ฉุยแฉก),ฉุยแฉก สีลม 19,ร้านอาหารไทยร่วมสมัย เสิร์ฟเมนูรสจัดจ้านมีเอกลักษณ์,A contemporary Thai restaurant offering bold and uniquely presented dishes.,https://lh3.googleusercontent.com/gps-cs-s/AHVAweq3MjJLvb5fwvXuSjSRhL0BobTwinT1R54OdsBEFfbf0c2VpdLuIZdke5rLqZwSQbu3v-eA-jWqwmA2SQXJZSfQFe0J3xG7hImHGjGLgDLrc9nf1ZHTHNYqON2jlHr4ovYYxcuQ=w215-h280-p-k-no,https://maps.app.goo.gl/NQRYnsw3Hhz4Rafy9
สุริยวงศ์,Western,The Pasta House,เดอะ พาสต้า เฮาส์,ร้านอาหารอิตาเลียนที่เชี่ยวชาญพาสต้าเส้นสดหลากหลาย,An Italian eatery specializing in freshly made pasta dishes.,https://lh3.googleusercontent.com/gps-cs-s/AHVAweqyP77lfWw1GSxJ71tua64M4pfV56-bndpSaR7MUfMUEWmOkGjHR39-OFRIgA61BY_odCEwYjY17diKi3qVyRzVnAFsrSDvxn0r6XmQ976erPc5gwY-gEgLFlNSHwxVyGDxQ5Gx=w215-h280-p-k-no,https://maps.app.goo.gl/SoY1NWFto7JLNyt68
สุริยวงศ์,Thai,Thanying,ท่านหญิง,ร้านอาหารไทยชาววังระดับตำนาน บรรยากาศบ้านเก่าสุดคลาสสิก,A legendary fine-dining restaurant serving exquisite royal Thai cuisine.,https://lh3.googleusercontent.com/gps-cs-s/AHVAweoBn1TDUVwvKNMzBNzKObDrHwIdtik_08pmgST9b3f7MRX-rfmDu2nWk0sVZHR1cWr3crwEyma0PenS-m8MKd8Lw5vE7FOg_SWDy-oMsLEqz9zMv1_-L6m7AOUgHRuKQlDx4vpCqA=w140-h140-p-k-no,https://maps.app.goo.gl/gY1S6pMco1QaiFZK7
สุริยวงศ์,Western,Kay's Sathon,เคย์ส สาทร,ร้านบรันช์สุดชิค เมนูอาหารเช้าสร้างสรรค์ ถ่ายรูปสวย,A stylish brunch spot famous for creative breakfast dishes.,https://lh3.googleusercontent.com/gps-cs-s/AHVAwep6c9bcs7EudbQm-uP8IsmH9crg2h0KDQKS9jRJokIYarKeGAG2O_CFyja1wo5NIS_bWeEmAGqZZGEs6ALZCdEsHlkScQYQEp_l-ucjF3CvJDqq6Fx-KNYQ8mQ-cKEwLYYn1CDi=w215-h280-p-k-no,https://maps.app.goo.gl/4t8qti5BY2oJBFXN9
สุริยวงศ์,Western,Sunrise Tacos at Silom,ซันไรส์ ทาโก้ สาขาสีลม,ร้านอาหารเม็กซิกันยอดนิยม เสิร์ฟทาโก้และเบอร์ริโต้รสจัด,A popular Mexican eatery serving bold tacos and burritos.,https://lh3.googleusercontent.com/gps-cs-s/AHVAweq17WsyswOJBdnfcTgqjEOTeglz-u0KbzmiMxANyjgVL-YkoWWJ6FHUiz7BE8cPEg4JxwGO57qytFnrq9Up9u9EYE4pXgBsEjzRBf13Vl30oMKR4e-QOpdQIlCzxzm51JG12kj4=w215-h280-p-k-no,https://maps.app.goo.gl/nUk6o2FZF7nxD8xN9
สุริยวงศ์,Japanese,Serina Teppanyaki,เซริน่า เทปปันยากิ,ร้านเทปปันยากิญี่ปุ่นดั้งเดิม เน้นวัตถุดิบพรีเมียมและการโชว์ปรุงสด,A traditional Japanese teppanyaki restaurant with live chef performances.,https://lh3.googleusercontent.com/p/AF1QipNSgW1D4V7DKPmJvsLtA-QFqdDvNAmcVyyM1cEH=w215-h280-p-k-no,https://maps.app.goo.gl/td8M4Li7XBue9ocp9
สุริยวงศ์,Western,Roadhouse Barbecue,โรดเฮาส์ บาร์บีคิว,ร้านอเมริกันบาร์บีคิวชื่อดังเรื่องซี่โครงรมควันและเบอร์เกอร์ชิ้นใหญ่,An authentic American BBQ joint famous for smoked ribs and giant burgers.,https://lh3.googleusercontent.com/gps-cs-s/AHVAweqnMkVCSIalRpG3L9aGdFXZ34_jwzI5CIqISM-s7QrixEDZwu_frMOWkagGCqEwUr1IGNqbJDgGpQai6SYtCSINl_ptlvo4_KHT85GzD9V_cUgRFQFhuafuWJuqOB1eAblz7u2WoQ=w215-h280-p-k-no ,https://maps.app.goo.gl/Q8w1QZrAwKgmWxYz8
สุริยวงศ์,Vegan,Bonita Cafe and Social Club,โบนิต้า คาเฟ่ แอนด์ โซเชียล คลับ,คาเฟ่วีแกนบรรยากาศโฮมมี่ เสิร์ฟอาหารจากพืชและเบเกอรี่เพื่อสุขภาพ,A homey vegan cafe serving plant-based comfort food and bakery.,https://lh3.googleusercontent.com/gps-cs-s/AHVAwerwEtI9ROzkzJSqWLSkuEig7u5tj8NAJJ8OTQNUQcXtYeCa5Lzt_7OFjP0Qh5j5CYLzC7MobYW2cRx-UIEcNGo_OOuI2ha8eOfqyCWStoLUREldWZ0ze5ZNw1dTB7pYAp5Dqd2L0Q=w215-h280-p-k-no ,https://maps.app.goo.gl/MN5fDudMUc5B7jnYA
สุริยวงศ์,Vegan,Eat Me Veggie & Vegan,อีท มี เจ แอนด์ วีแกน,ร้านอาหารมังสวิรัติและวีแกน เน้นเมนูสุขภาพจากผักสด,"A vegetarian and vegan spot offering healthy, creative dishes.",https://lh3.googleusercontent.com/gps-cs-s/AHVAwerolXuajSOwHPkNCaQaZKcegO1SPzJoiPGnLZZOrJFF-m38Tha4JgDZwL9_NQMjC4nccyB4S1547KnOfaMnFs-Yqg6ulIjis4mgDpaQdUxh1rc19b7SLZLkoZl3vjIaXstpeo_p=w215-h280-p-k-no ,https://maps.app.goo.gl/MuAqCRfDFTUEeG66A
สุริยวงศ์,Vegan,"U'MA FAMILY RESTAURANT (Vegetarian, vegan)",อูม่า แฟมิลี่ เรสเตอรองต์,ร้านอาหารครอบครัว เน้นเมนูมังสวิรัติและวีแกนทานง่าย,A family-friendly restaurant specializing in vegetarian and vegan meals.,https://lh3.googleusercontent.com/gps-cs-s/AHVAweoIeCpf0qJAD5a2jXsZnOMRGxqDcNfPXGcHFlX2G0Dd6KzoSRioDu2TjEfFQZiYhOhvouU21H0QYrp4SByzmJATAPUi02DDuV2FTtYfi0iiPbWSvdPAQcpDmV_ADONtAcBvbUUb=w215-h280-p-k-no,https://maps.app.goo.gl/fUmWMFobLgmABnv16
สุริยวงศ์,Japanese,ISE Surawongse,ไอเซ่ สุรวงศ์,ร้านอาหารญี่ปุ่นเด่นเรื่องยากิโทริ เหมาะสำหรับมื้อหลังเลิกงาน,A Japanese restaurant known for yakitori and a relaxing atmosphere.,https://lh3.googleusercontent.com/gps-cs-s/AHVAweqqCkSjxN_ANKj9x7y1FCWZRj8ukbgWlKIWUedjno_HUvEKEZN0dcOGtaEeENFOwgb_-WDz4VDjkAmeIscyLJDp9d59_NSTJl3mr6WdBXMHXIVYpkq8s5gqrczXAJesGudyK_A7=w215-h280-p-k-no,https://maps.app.goo.gl/EqiZZu7eYaj1r2xT7
สุริยวงศ์,Japanese,Hokkaido Izakaya Susukino,ฮอกไกโด อิซากายะ ซูซูกิโนะ,ร้านอิซากายะที่นำวัตถุดิบและบรรยากาศแบบฮอกไกโดมาเสิร์ฟ,An izakaya bringing fresh Hokkaido flavors to Bangkok.,https://lh3.googleusercontent.com/gps-cs-s/AHVAweqBXpR4xdoHZfvGIkIUPnz7eZzrSGZ0rELYRDIeEgP1pPQQx3yuJwNDyaX5wSkQ6RvHvglAgu05R6ySjFi5VRPLA0CMG6tyKDR-vMwnFJlTe6ccqHHpS0lWIPQ_QKVuyvTs-g=w215-h280-p-k-no,https://maps.app.goo.gl/bL7XGS8AUEEkLRXj7
สุริยวงศ์,Japanese,YEBISU DINING,เอบิซึ ไดนิ่ง,ร้านอาหารญี่ปุ่นพรีเมียม บรรยากาศหรูหรา พร้อมเครื่องดื่มคุณภาพ,An upscale Japanese dining venue with premium cuisine and beverages.,https://lh3.googleusercontent.com/gps-cs-s/AHVAwepMNYlOZoe0nxF3bRze9fc6-8N01Hhjb-oSUdBmmnER3txA57UzRaQB-WD0NhfGYqC-qf7AdUp_F6jWIdrwdSEJ-ctJYKfNzjVyuEl9cKsEHCqjXF4tKoIiaxIjJCe1OrnJjmGhtQ=w215-h280-p-k-no,https://maps.app.goo.gl/97sU6rtKRADNijWaA
สุริยวงศ์,Japanese,Washin Ramen,วอชิน ราเมน,ร้านราเมนต้นตำรับ น้ำซุปเข้มข้น เส้นเหนียวนุ่ม ราคาคุ้มค่า,An authentic ramen shop focusing on rich broths and chewy noodles.,https://lh3.googleusercontent.com/gps-cs-s/AHVAwerXG9u76BQehJwfpWS6kIRelTmzVGq436c9nCUiuEv_Nt1e5T4mOseEpX-Lwsel4Hqj0h0WqqRX0V7VS9l95JCl2M6W3gi6JkBLQCgBHXz7OJeZVq46JN0b_Rx0mNs9ruUr4VR9aA=w215-h280-p-k-no,https://maps.app.goo.gl/UtTrJMJefeSLxTNx5
สุริยวงศ์,Chinese,Shangarila Restaurant Thaniya,ภัตตาคารเชียงการีล่า ธนิยะ,ภัตตาคารจีนระดับตำนาน โดดเด่นเรื่องติ่มซำและอาหารกวางตุ้ง,A legendary Chinese restaurant famous for dim sum and Cantonese cuisine.,https://lh3.googleusercontent.com/gps-cs-s/AHVAweoR-Lp0QqV5JCCoFugzporTrcXPAEdZnhSB36VNIeavvi54pzu9MflMEWZ0AS5BZmExads1FSTb0Tyafr3cuxuBNz_0YDfWrexCHZTOC8939mb_xTmzLJodB6xUBgijCHiE0Nqf=w215-h280-p-k-no ,https://maps.app.goo.gl/EEYZ3qAJd45uZ37A6
สุริยวงศ์,Western,"PaLeTa: Iberico, Wine, Bar",ปาเลต้า,บาร์ไวน์สุดชิค เสิร์ฟแฮมอิเบริโกและไวน์คัดสรร,A stylish wine bar specializing in premium Iberico ham and curated wines.,https://lh3.googleusercontent.com/gps-cs-s/AHVAweq4bimTDvhaXYIRMHGSGvqi1VmJKdhTTYfhaGfE33tzvSTEHMqVg4g8Yuoug2d8H1QMCPPAzi9TkHy1Mdrd4WTGv0YgThzFrv5lup3TUa3kCpu_bpvJGSbWpXFyZlellbzzPbkGkA=w215-h280-p-k-no ,https://maps.app.goo.gl/vYXTvf2ALyt5WBo26
สุริยวงศ์,Thai,Aunglo by Yangrak,อังโล่ บาย ย่างรัก,ร้านอาหารไทยร่วมสมัย ใช้เทคนิคย่างเตาถ่านแบบโบราณสร้างสรรค์เมนูใหม่,A contemporary Thai eatery using traditional charcoal-grilling techniques.,https://lh3.googleusercontent.com/gps-cs-s/AHVAwepUPl1JWcLIONczqX1ASqTVpMLv8vO1kTLITFkqwsW-XcQT_O9vFbp_7eWI6PKggo1mukzZqkhFz9bjoPH_Wbo5jhW_UzGDaUZ8JZObostm3H8Cgz6PfIMm9IpFNfKQFsWB6Oc=w215-h280-p-k-no ,https://maps.app.goo.gl/nRpAoWyiwdbSPr5r5
,,,,,,,
มหาพฤฒาราม,Chinese,ร้านบะหมี่สว่าง,Sawang Noodle,ร้านบะหมี่หมูแดงระดับตำนานที่สืบทอดความอร่อยมานาน โดดเด่นด้วยเส้นบะหมี่ไข่ทำเองที่เหนียวนุ่มและหมูแดงย่างหอม รสชาติกลมกล่อม,A legendary egg noodle shop known for its signature springy handmade noodles and fragrant honey-roasted pork with a well-balanced flavor.,https://lh3.googleusercontent.com/gps-cs-s/AHVAweri7ZzYR7uaQ9d-6qs8NTkVHZBwXRFhOGBtc4AK2U3jDrLsyjAcZj-76GRDjNmI4UzjGltijTsFjIxGTUG4aIu55ms8LVp7Z371Xu1c3bsIDaPs6nuMcZta22uDYnWoNb18xaw2bQEC8aMl=s1360-w1360-h1020-rw,https://maps.app.goo.gl/KEqsYusa8VHRVMq27
มหาพฤฒาราม,Chinese,ไจ๊ บะหมี่เกี๊ยวกุ้งสะพานเหลือง,Jaii noodle 1953 (Sapan Lueang branch),ร้านบะหมี่เจ้าดังย่านสะพานเหลือง ขึ้นชื่อเรื่องเกี๊ยวกุ้งคำโตเนื้อแน่นและน้ำซุปใสรสชาติเช้งๆ ซดคล่องคอ,"A famous noodle spot in Saphan Lueang renowned for its plump, flavorful shrimp wantons and clear, refreshing broth.",https://img.wongnai.com/p/1920x0/2021/11/30/085fe84ddb9e486c9edacd413bae5e41.jpg,https://maps.app.goo.gl/9tbc8odLw2iCnLVH7
มหาพฤฒาราม,Chinese,ร้านหมูหยองโชคดี,Bae Hi Lim,ร้านเก่าแก่ที่เชี่ยวชาญด้านหมูหยองและหมูแผ่นคุณภาพดี รสชาติเข้มข้น หอมกรอบ เหมาะสำหรับเป็นของฝากหรือทานเล่น,"A long-standing specialist in high-quality pork floss and crispy pork sheets, offering rich flavors and perfect crunchiness.",https://scontent.fbkk5-5.fna.fbcdn.net/v/t39.30808-6/532216391_1278299907331195_2331395494773307339_n.jpg?_nc_cat=104&ccb=1-7&_nc_sid=833d8c&_nc_ohc=vOIztUC30KIQ7kNvwFQ4R-l&_nc_oc=Adl2PFhgaTf3H9HPAL9BQQNcPMY0lJIX2Ln0XnE1VT1ncHQiKTaxuJbpUtFGUVYaioo&_nc_zt=23&_nc_ht=scontent.fbkk5-5.fna&_nc_gid=VmVBG7lkOVLby1wxtwVHpA&oh=00_Afq5mmWJ3wQ4M9mjqyNtPpMhuOzWw5CLdA0AmkeUSWCSUg&oe=69803770,https://maps.app.goo.gl/hUAEoutG8AzreZ86A
มหาพฤฒาราม,Thai,ทับทิม,Tubtim Cuisine,ร้านอาหารบรรยากาศเป็นกันเอง เสิร์ฟอาหารไทยรสชาติดั้งเดิม เน้นวัตถุดิบที่คัดสรรมาอย่างดีและรสชาติที่ถูกปากคนท้องถิ่น,"A cozy local eatery serving traditional Thai dishes with a focus on selected ingredients and authentic, home-cooked flavors.",https://lh3.googleusercontent.com/gps-cs-s/AHVAweriKv4bPLnO1r7pjRfgz8l2Wd-xY1dUcblQZg5aE4_zgAYZwyDJ0U24ccYtvpSlRmjFRqw7NuLGE1GEBp0_5NlhqO8od1g9tG9gL7P01pOMjDa2lsODDgqYmHWCkPl7KJvqQSjyYqEEm4iI=s1360-w1360-h1020-rw,https://maps.app.goo.gl/DVDFxVnByPY3oVzd8
มหาพฤฒาราม,Thai,Markintiny,มาร์คินตินี่,ร้านอาหารและคาเฟ่สมัยใหม่ ตกแต่งอย่างมีสไตล์ นำเสนอเมนูอาหารฟิวชั่นและเครื่องดื่มที่สร้างสรรค์,A modern boutique cafe and restaurant featuring stylish decor and a creative menu of fusion dishes and signature beverages.,https://dynamic-media-cdn.tripadvisor.com/media/photo-o/2b/29/07/ee/caption.jpg?w=900&h=500&s=1,https://maps.app.goo.gl/21UohDaqBvUgAQkK9
มหาพฤฒาราม,Thai,Yummy Thai Food,ยัมมี่ ไทย ฟู้ด,ร้านอาหารไทยที่เน้นเมนูยอดนิยมรสชาติจัดจ้านถึงเครื่อง ปรุงสดใหม่ทุกจานในราคาที่เข้าถึงง่าย,"A straightforward Thai restaurant serving popular, boldly flavored local dishes prepared fresh at affordable prices.",https://dynamic-media-cdn.tripadvisor.com/media/photo-o/2b/29/06/3a/caption.jpg?w=1100&h=1100&s=1,https://maps.app.goo.gl/sDpXARKGBBRzjk3S6
มหาพฤฒาราม,Thai,ป.รุ่งโรจน์โอชา,Por Rungroj Ocha,ร้านเป็ดพะโล้และห่านพะโล้เจ้าเก่าแก่ย่านสะพานเหลือง เนื้อนุ่ม ไร้กลิ่นสาบ ทานคู่กับน้ำจิ้มพริกเหลืองรสเด็ด,"A classic establishment specializing in tender braised duck and goose, served with a signature spicy yellow chili dipping sauce.",https://scontent.fbkk5-6.fna.fbcdn.net/v/t39.30808-6/470043556_122217528320022687_5574338734114513537_n.jpg?_nc_cat=101&ccb=1-7&_nc_sid=833d8c&_nc_ohc=dqUydpZEFboQ7kNvwH8AWKZ&_nc_oc=Adn6YHAqLPhJaCEV6mI-s_BXUEjIDLWYp6GrOgTlM0TnBHXPZjbzCzrAZxNHOqpWfhY&_nc_zt=23&_nc_ht=scontent.fbkk5-6.fna&_nc_gid=1om-02l6QPy6NLHERrgg1w&oh=00_Afrk3FVlBXy8qzP0TrexXaFG5uImOOOkGA5zMQ7T4-Xugw&oe=69801780,https://maps.app.goo.gl/jxb6qEkC7ixhXrVn8
มหาพฤฒาราม,Halal,Kebab Bar Halal (Bangkok),เคบับ บาร์ ฮาลาล,ร้านอาหารฮาลาลที่เชี่ยวชาญเมนูเคบับรสชาติต้นตำรับ เนื้อหมักเครื่องเทศเข้าเนื้อ ย่างร้อนๆ เสิร์ฟพร้อมซอสสูตรพิเศษ,"An authentic Halal kebab spot featuring well-marinated, succulent meats grilled to perfection and served with flavorful signature sauces.",https://scontent.fbkk5-5.fna.fbcdn.net/v/t39.30808-6/484830152_976142507985137_6632747563589772196_n.jpg?stp=cp6_dst-jpg_tt6&_nc_cat=104&ccb=1-7&_nc_sid=86c6b0&_nc_ohc=P-gWtLaiG0EQ7kNvwGmmc71&_nc_oc=AdkPpeHfgbZyTtK6WSdXdG8sg8u73_A5N6JPSl7TpeC-8Y7MaVbx-J_473Js1S3Ut_0&_nc_zt=23&_nc_ht=scontent.fbkk5-5.fna&_nc_gid=_krqxdB4c4J_2Mpy7jL9Dg&oh=00_Afq64rACuSpQN6WtdFweo6KbbtPZbL1pL9pGrGx67X6q_w&oe=69802821,https://maps.app.goo.gl/Yu1UuntYbwnTWoji8
มหาพฤฒาราม,South Asian,Shree Ganesh,ศรี คเณศ,ร้านอาหารอินเดียตอนใต้รสชาติดั้งเดิม โดดเด่นด้วยเมนูโดซ่าและแกงมังสวิรัติหลากหลาย ราคาเป็นกันเอง,An authentic South Indian restaurant known for its variety of crispy dosas and flavorful vegetarian curries at friendly prices.,https://img.wongnai.com/p/1920x0/2020/11/16/caf8701cc01a47edb3bbd17f73f41894.jpg,https://maps.app.goo.gl/7LeLs76xtiz1i6Y39
มหาพฤฒาราม,South Asian,D Hana Bhavan. Indian Vegetarian Food,ดี ฮานา ภวัน,ร้านอาหารอินเดียมังสวิรัติ เน้นความสดใหม่และรสชาติบริสุทธิ์ตามแบบฉบับอินเดียตอนใต้ บรรยากาศเรียบง่ายสะอาดตา,"A dedicated Indian vegetarian eatery focusing on fresh, authentic South Indian flavors in a simple and clean environment.",https://img.wongnai.com/p/1920x0/2022/01/12/47ddae8810bf4abf81a4c618d21260e9.jpg,https://maps.app.goo.gl/DDNWKCTwH8y2Cv7X7
มหาพฤฒาราม,Chinese,ลิ้มเหล่าโหงว สะพานเหลือง,Lim Lao Ngow Saphan Lueang,ร้านก๋วยเตี๋ยวลูกชิ้นปลาชื่อดังระดับมิชลิน โดดเด่นด้วยลูกชิ้นปลาทำเองเด้งกรอบและเส้นเอกลักษณ์,"A famous Michelin-recognized fish ball noodle shop known for its bouncy, high-quality handmade fish balls and signature noodles.",https://lh3.googleusercontent.com/gps-cs-s/AHVAweqk6N8Ekg8atC6BIosyDNFMoX8QjqGylWwL3tiBJw6BgeSwXneEL451VD8p8iK1rleaHHSpVI1lhLpX9yFCUyvHsSk0n5XHJ7nc3ne5ShSEiMf_Lci4g2Gf60kpU7oib6BIbWKyzQ=s1360-w1360-h1020-rw,https://maps.app.goo.gl/RJo23vWXBt3qTYJfA
มหาพฤฒาราม,Chinese,ข้าวหมูแดงเฮียตือ เจ้าเก่า,Khao Moo Daeng Here Tue,ร้านข้าวหมูแดง-หมูกรอบระดับตำนาน หมูกรอบหนังกรอบสนั่น ทานคู่กับน้ำราดสูตรโบราณเข้มข้น,"A legendary roasted pork rice stall famous for its exceptionally crispy pork belly and rich, traditional savory gravy.",https://lh3.googleusercontent.com/gps-cs-s/AHVAweo07UqQZ7Q38V4CyoZ3byUZYFyb79oP9GkMW-Q_5jNyy8vhOAhf5dxADLlISeSzluqOEMkoEZDgFdff7vNOG6veZrP3aV6-lulGnNWfiqInLfB2seC9-7O6VaJvM_GB6kBor830=s1360-w1360-h1020-rw,https://maps.app.goo.gl/J2jcuSJXuoy9JgoY9
,,,,,,,
สี่พระยา,Chinese,ร้านนิวเฮงกี่,New Heng Kee,ร้านอาหารจีนกวางตุ้งระดับตำนานย่านสี่พระยาที่เปิดมานานกว่า 60 ปี โดดเด่นด้วยเมนูเป็ดย่างและอาหารจีนสไตล์ดั้งเดิมที่ปรุงด้วยทักษะฝีมืออันประณีต,"A legendary Cantonese restaurant in Si Phraya with over 60 years of history, famous for its succulent roasted duck and time-honored traditional Chinese dishes.",https://lh3.googleusercontent.com/gps-cs-s/AHVAweoSK_muV_q4XkOQSW0mx_5I0XKHJix5OJz0sVXSocnt-azRPNlY7uxw_JyXjc9m4s4cezDMuEJTyrfY6KvLDFKVkJqYb1FdVJbq6gw4rTAZ1stDg4zDCPcY-RxqHHPpe7SPW9Q=w215-h280-p-k-no ,https://maps.app.goo.gl/E9ZVxD4mbjjBGFpT9
สี่พระยา,Thai,100 mahaseth,100 มหาเศรษฐ์,ร้านอาหารที่เน้นแนวคิด Root-to-Fruit และ Nose-to-Tail นำวัตถุดิบท้องถิ่นของไทยมาสร้างสรรค์เป็นเมนูอีสานและเหนือในรูปแบบทันสมัย,"An innovative ""Nose-to-Tail"" restaurant showcasing local Thai ingredients through creative and modern interpretations of Northeastern and Northern Thai flavors.",https://lh3.googleusercontent.com/gps-cs-s/AHVAwer66ZUHWC8mNUj67hMF7jZej0MDkIl5VLWrQZRvFjfx4GKheQavQG9EMSdR8gLv88B3CsFme_rN_dclBh3boL10idx0gU3vyGI_GDsgFvozALFP_kIs4U7jbLEULodq1LHOqUPcAg=w215-h280-p-k-no ,https://maps.app.goo.gl/WfucEArLpKYKkVKa9
สี่พระยา,Thai,บ้านสุริยาศัย (Tea Room),Baan Suriyasai,ห้องน้ำชาในคฤหาสน์หรูสไตล์วิกตอเรียน-อิตาเลียน มอบประสบการณ์จิบน้ำชายามบ่ายพร้อมขนมไทยชาววังอันประณีต,"An elegant tea room set in a stunning Victorian-Italian mansion, offering a sophisticated afternoon tea experience with exquisite Royal Thai desserts.",https://lh3.googleusercontent.com/gps-cs-s/AHVAwepghDGC5tG5MJFUBsCz2beuAaQu-Ab9DdKSA9ow_wXvssHaye1qnc-Z3H32L60TFLZwb3tFsbM-XeXw8bcy4uRUwfTGozButbF2ecLNMFk4GJU5MBdpDZer1RA4a9Ns9PtdC5Ji=w215-h280-p-k-no ,https://maps.app.goo.gl/KR9pzqSuFyvRu95s7
สี่พระยา,Chinese,ครัวเจ๊ง้อสี่พระยา,Krua Je Ngor,ร้านอาหารทะเลและอาหารไทย-จีนชื่อดัง ขึ้นชื่อเรื่องวัตถุดิบสด เมนูเด่นอย่างเส้นหมี่ผัดกระเฉดและปูผัดผงกะหรี่,A renowned seafood and Thai-Chinese restaurant famous for its signature stir-fried water mimosa noodles and consistently high-quality fresh seafood dishes.,https://lh3.googleusercontent.com/gps-cs-s/AHVAwepW_KGoDplzSYnqLVdvghourZ6pV99EHp6qfXrtsZY3qNSTVrcUigoapp7c7cBy6KwXVqofD12Oc8MQ34BWkwy3Z3Gb21XujhAaRi5OyHkKFY4hXQdiRqYx8eJO5RQYJeCoVsW6=w215-h280-p-k-no ,https://maps.app.goo.gl/WJK94VY3Q29gbwDh8
สี่พระยา,Thai,คั่วกลิ้ง ผักสด,Khua Kling Pak Sod,ร้านอาหารปักษ์ใต้รสชาติต้นตำรับ เผ็ดร้อนถึงเครื่องแกง ให้ความรู้สึกเหมือนทานอาหารฝีมือคุณแม่ การันตีมิชลิน บิบ กูร์มองด์,"A Michelin Bib Gourmand-awarded restaurant serving authentic Southern Thai cuisine, known for its bold spices and home-cooked flavors in a cozy setting.",https://lh3.googleusercontent.com/gps-cs-s/AHVAwepqgY1GMplmDsFGeXrFiF_5d0hYRHb0VXjMllPqntHqPZjYjAAu9yzXxMNMIFSJu4tIrH9MoA92TZxEFoakq7gMqudhg1npM6ED4E80WWQafu8CRkaZPRPsMVktOPDfx6brxzRC=w215-h280-p-k-no ,https://maps.app.goo.gl/DACkMHXqnAc6iJnVA
สี่พระยา,Chinese,Yào Restaurant,เย่า เรสเตอรองต์,ห้องอาหารจีนร่วมสมัยบนดาดฟ้าโรงแรมแมริออท สุรวงศ์ ผสานรสชาติกวางตุ้งดั้งเดิมกับวิวเมืองกรุงเทพฯ,A stylish contemporary Chinese restaurant and rooftop bar offering authentic Cantonese flavors paired with panoramic views of the Bangkok skyline.,https://lh3.googleusercontent.com/gps-cs-s/AHVAwergKuvpZCPGkp9QdPZeSGdF0h0CSsPd6wPyhWUPgL1lzBjJsZq3HVSu4ZkMPi8ZFfq-AgJNWVTOZNBQmXNVgkbLXiWAFCso2k5spXEBbsQa2TWwtk2Y6ASA50YglM2113wF2MmWGg=w215-h280-p-k-no ,https://maps.app.goo.gl/xCevAeVLgdrA9NWr5
สี่พระยา,Western,Small Dinner Club,สมอล ดินเนอร์ คลับ,ร้านอาหารแนวทดลองแบบ Fine Dining นำเสนอเมนูแปลกใหม่ ท้าทายกรอบเดิม ในบรรยากาศส่วนตัว,"An experimental fine-dining concept that challenges culinary boundaries with innovative, thought-provoking dishes in an intimate setting.",https://lh3.googleusercontent.com/gps-cs-s/AHVAweqKZSvjhS--IOnCSyVLV2A1rCaD8lfqXVbmK1ZVMiu6gMiEW054K0UrP9TM7mXWku7Zh6bGrLTsuBmGHJX9tDa3-ahzeQS-K8gHinD_CqYidddN56ZUP0Pkm63XT5-oh5kscNq8ZA=w215-h280-p-k-no ,https://maps.app.goo.gl/jA2RkA74C8E8FrSP9
สี่พระยา,South Asian,Thai Pakistan Restaurant,ร้านอาหารไทย-ปากีสถาน,ร้านอาหารที่ผสมผสานวัฒนธรรมไทยและปากีสถาน เสิร์ฟอาหารปากีสถานรสชาติเข้มข้นถึงเครื่องเทศ ราคาย่อมเยา,A cultural fusion eatery serving authentic and robustly spiced Pakistani cuisine alongside local favorites at accessible prices.,https://lh3.googleusercontent.com/gps-cs-s/AHVAweqq_TAFYyYR2-zY6ECfEcS4uOU29pQ7GVIYuy7pxk4Nk36etDq4QteJUpX6wPIcWgI7HFuTf9qhWxLTKJ6XMn_uBiTf8CJelBu-SNLWPKCjBunJ0KgkxF3Ekm4rye5qj49yalPWkg=w215-h280-p-k-no ,https://maps.app.goo.gl/2N1ivBPxMUL8nLvx7
สี่พระยา,Halal,Sri Lankan Halal Restaurant,ศรีลังกัน ฮาลาล เรสเตอรองต์,ร้านอาหารฮาลาลที่เชี่ยวชาญอาหารศรีลังกาแท้ โดดเด่นด้วยแกงรสจัดและเมนูเครื่องเทศเข้มข้น,"A dedicated Halal restaurant specializing in authentic Sri Lankan cuisine, known for its flavorful curries and spice-rich traditional dishes.",https://lh3.googleusercontent.com/p/AF1QipPqPZw3nHnkYzk461Q22K6YKcFPy2a-D7-gp3el=w426-h240-k-no,https://maps.app.goo.gl/NBMtWZKgnZxkfHmGA
สี่พระยา,South Asian,Anpu Restaurant,อันพู เรสเตอรองต์,ร้านอาหารเอเชียร่วมสมัย ใช้วัตถุดิบคุณภาพ เมนูเรียบง่ายแต่รสชาติลุ่มลึก ในบรรยากาศเป็นกันเอง,A contemporary Asian eatery focusing on high-quality ingredients and minimalist yet deeply flavorful dishes in a welcoming environment.,https://lh3.googleusercontent.com/p/AF1QipOmsJNaxdwzOKVSACKmKiexgYeRRao79iiGuoTx=w408-h350-k-no,https://maps.app.goo.gl/GpikZ1jypGUbW1kS8
สี่พระยา,South Asian,VK Ceylon Kitchen,วีเค ซีลอน คิทเช่น,ร้านอาหารศรีลังกาที่นำเสนอรสชาติต้นตำรับจากเกาะซีลอน มีเมนูหาทานยากอย่าง Kotthu Roti,"A specialized Sri Lankan restaurant offering the true taste of Ceylon, featuring rare authentic dishes like Kotthu Roti and traditional island-style curries.",https://lh3.googleusercontent.com/gps-cs-s/AHVAwequr1DKPETP0BLTMvv2R6FOxIbGTM_Q7G6GvqvKQZldAf5ask5OV_u_Gt-3TWTKw9HRc-d2bAAoWUFge5U0VyiKzT79QqxIQUthGMSD9zCSDTxvSaiMu-ng_Bx2DdlWpsO6QpVrDmYXWjVN=s1360-w1360-h1020-rw,https://maps.app.goo.gl/sRCRucFJzjhWgX496
สี่พระยา,Thai,Praya Kitchen,พระยา คิทเช่น,ห้องอาหารบุฟเฟต์นานาชาติ เน้นอาหารไทยตำรับดั้งเดิมและอาหารทะเลสดใหม่ ในบรรยากาศกว้างขวางทันสมัย,A vibrant international buffet restaurant showcasing heritage Thai recipes alongside fresh seafood in a spacious and modern dining hall.,https://lh3.googleusercontent.com/p/AF1QipORMHStYKcs0I3YSsKYCo0qHf_sbCYbC72UrZWB=s1360-w1360-h1020-rw,https://maps.app.goo.gl/nnf4MtKiw4CfiDPs8
สี่พระยา,South Asian,Baan India- Indian Cuisine,บ้านอินเดีย,ร้านอาหารอินเดียที่รวมเมนูยอดนิยมทั้งเหนือและใต้ รสชาติกลมกล่อม แป้งนานอบสดจากเตา,"A friendly Indian restaurant serving North and South Indian favorites, known for balanced flavors and freshly baked tandoori breads.",https://lh3.googleusercontent.com/p/AF1QipMLCOdFRoP0l-WRVebvEVV2hM39i7FYKzkjk7--=s1360-w1360-h1020-rw,https://maps.app.goo.gl/h9tyANvrF1mC3ozSA
สี่พระยา,Thai,ครัวบุญ,Kruaboon Thai,ร้านอาหารไทยบรรยากาศเรียบง่าย เน้นเมนูตามสั่งรสจัดจ้าน เป็นที่นิยมของคนทำงานย่านสี่พระยา-สีลม,"A simple local Thai eatery focusing on bold and spicy made-to-order dishes, popular among office workers in the Si Phraya and Silom areas.",https://lh3.googleusercontent.com/p/AF1QipNtH_X52j279IZpSqJnp4iAa04qjnj-EXbDBG2C=s1360-w1360-h1020-rw,https://maps.app.goo.gl/41RXh13LURXiCJbH6
สี่พระยา,Thai,On The Square,ออน เดอะ สแควร์,ร้านอาหารและคาเฟ่ร่วมสมัย เสิร์ฟเมนูฟิวชั่นและนานาชาติ เหมาะสำหรับนัดพบและพักผ่อน,"A contemporary restaurant and cafe offering diverse fusion and international dishes, ideal for casual meetups and relaxing breaks.",https://dynamic-media-cdn.tripadvisor.com/media/photo-o/31/b8/b1/0c/we-rebranded-to-on-the.jpg?w=900&h=-1&s=1,https://maps.app.goo.gl/9byTk2PSw5rrZgSA7
สี่พระยา,Chinese,Hainan House By Dr.Tom (Chicken Rice),ไห่หนาน เฮาส์ บาย ดร.ต้อม,ร้านข้าวมันไก่ไหหลำที่พิถีพิถันทุกขั้นตอน โดดเด่นด้วยไก่นุ่มฉ่ำ ข้าวหอมมัน และน้ำจิ้มสูตรเฉพาะ,"A meticulously prepared Hainanese chicken rice specialist, known for succulent chicken, fragrant rice, and a unique signature dipping sauce.",https://img.wongnai.com/p/1920x0/2025/06/13/2b57482e2c96443b9334cc95355a2f42.jpg,https://maps.app.goo.gl/6P1hKBgwcoUSaGYr7
สี่พระยา,Chinese,Yu Her Bao,หยู เหอ เป่า,ร้านอาหารจีนสมัยใหม่ เด่นเรื่องติ่มซำและอาหารจานเดียวที่ปรุงอย่างประณีต ในบรรยากาศทันสมัย,A trendy Chinese eatery featuring expertly crafted dim sum and refined Chinese single-dish meals in a chic setting.,https://yuherboa.b-cdn.net/wp-content/uploads/2025/11/27-1-683x1024.webp,https://maps.app.goo.gl/Z2cLqzTwy1dsQj3h9
สี่พระยา,South Asian,Sweet 'N' Spicy Silom - Indian Restaurant,สวีท แอนด์ สไปซี่ สีลม,ร้านอาหารอินเดียย่านสีลมที่ผสมผสานรสหวานและเผ็ดของเครื่องเทศได้อย่างลงตัว,An Indian restaurant in Silom that masterfully balances sweet and spicy elements across a wide range of authentic dishes.,https://lh3.googleusercontent.com/p/AF1QipNXOIEwSX9d1S_n6iMn0mHrfHPzCOR3LDV_OAhw=s1360-w1360-h1020-rw,https://maps.app.goo.gl/k9duKejdaobbF9n29
สี่พระยา,Japanese,Kissuisen,คิซซุยเซ็น,ห้องอาหารญี่ปุ่นระดับพรีเมียม รวมซูชิ เทปปันยากิ และโอมากาเสะไว้ในที่เดียว บรรยากาศหรูหรา,"An upscale Japanese multi-concept dining destination offering premium sushi, teppanyaki, and omakase in a luxury setting.",https://dynamic-media-cdn.tripadvisor.com/media/photo-o/2e/05/61/06/kissuisen-festive-menu.jpg?w=900&h=500&s=1,https://maps.app.goo.gl/NmxRhce1pRRKrFSZA
สี่พระยา,Thai,Ruen Urai,เรือนอุไร,ร้านอาหารไทยชั้นเลิศในเรือนไม้เก่าแก่ริมสระน้ำ มอบประสบการณ์หรูหราพร้อมรสชาติไทยต้นตำรับ,"An exquisite Thai fine-dining restaurant set in a historic wooden pavilion by a pool, offering authentic traditional flavors.",https://scontent.fbkk5-6.fna.fbcdn.net/v/t39.30808-6/600299835_1450368493758507_7542653828372403452_n.jpg?_nc_cat=102&ccb=1-7&_nc_sid=833d8c&_nc_ohc=CmnJSmMmtMIQ7kNvwEh_I26&_nc_oc=AdlITFLeGwk6uW4DLMPkwT_GRthYNa1PgOQ-r0k2A9cQb7R4nlD12HdS3Jvtjvn8e7A&_nc_zt=23&_nc_ht=scontent.fbkk5-6.fna&_nc_gid=BWB-INqynQI0OQTYi-E-Wg&oh=00_Afop8S5ZBU9qflt9k2LJgZvGY9AvHqGWqTqjXm8Tw1mAcA&oe=6980347F,https://maps.app.goo.gl/PPWLaoaHpnrYHTLeA
สี่พระยา,"Healthy, South Asian",Al-Rahaman,อัล-ราฮามัน,ร้านอาหารมุสลิมชื่อดังย่านพุทธโอสถ ขึ้นชื่อเรื่องข้าวหมกไก่และแกงกะหรี่รสเข้มถึงเครื่องเทศ,A famous Muslim eatery known for intensely flavored chicken biryani and robustly spiced traditional curries.,https://dynamic-media-cdn.tripadvisor.com/media/photo-o/1c/ff/5f/b1/al-rahaman-restaurant.jpg?w=900&h=500&s=1,https://maps.app.goo.gl/wj9yYmZvhWqGor436
สี่พระยา,Western,Across 100,อะครอส 100,คาเฟ่และร้านอาหารบรรยากาศดี เสิร์ฟเมนูฟิวชั่นและเครื่องดื่มหลากหลาย เหมาะกับการค้นหาประสบการณ์ใหม่,"A cozy cafe and restaurant serving fusion dishes and creative beverages, perfect for a relaxed and unique dining experience.",https://media.readthecloud.co/wp-content/uploads/2025/03/19163202/across100pizza-2.webp,https://maps.app.goo.gl/ivvHVzrWedvjjUWR7